#usda 1.0
(
    defaultPrim = "World"
    metersPerUnit = 1
    upAxis = "Y"
)

def Xform "World"
{
    def Scope "Looks"
    {
        def Material "Wood"
        {
            token outputs:mtlx:surface.connect = </World/Looks/Wood/Surface.outputs:out>

            def Shader "Surface"
            {
                uniform token info:id = "ND_standard_surface_surfaceshader"
                color3f inputs:base_color.connect = </World/Looks/Wood/Picture.outputs:out>
                float3 inputs:normal.connect = </World/Looks/Wood/Normal.outputs:out>
                float inputs:specular_roughness = 0.65
                token outputs:out
            }

            def Shader "Picture"
            {
                uniform token info:id = "ND_image_color3"
                asset inputs:file = @../textures/wood/color.jpg@
                color3f outputs:out
            }

            def Shader "NormalPicture"
            {
                uniform token info:id = "ND_image_vector3"
                asset inputs:file = @../textures/wood/normal.jpg@
                float3 outputs:out
            }

            def Shader "Normal"
            {
                uniform token info:id = "ND_normalmap"
                float3 inputs:in.connect = </World/Looks/Wood/NormalPicture.outputs:out>
                float3 outputs:out
            }
        }

        def Material "Bricks"
        {
            token outputs:surface.connect = </World/Looks/Bricks/Surface.outputs:surface>

            def Shader "Surface"
            {
                uniform token info:id = "UsdPreviewSurface"
                color3f inputs:diffuseColor.connect = </World/Looks/Bricks/Colour.outputs:rgb>
                normal3f inputs:normal.connect = </World/Looks/Bricks/NormalMap.outputs:rgb>
                float inputs:roughness = 0.85
                token outputs:surface
            }

            def Shader "St"
            {
                uniform token info:id = "UsdPrimvarReader_float2"
                string inputs:varname = "st"
                float2 outputs:result
            }

            def Shader "Colour"
            {
                uniform token info:id = "UsdUVTexture"
                asset inputs:file = @../textures/brick_wall/color.jpg@
                float2 inputs:st.connect = </World/Looks/Bricks/St.outputs:result>
                float3 outputs:rgb
            }

            def Shader "NormalMap"
            {
                uniform token info:id = "UsdUVTexture"
                float4 inputs:bias = (-1, -1, -1, 0)
                asset inputs:file = @../textures/brick_wall/normal.jpg@
                float4 inputs:scale = (2, 2, 2, 1)
                token inputs:sourceColorSpace = "raw"
                float2 inputs:st.connect = </World/Looks/Bricks/St.outputs:result>
                float3 outputs:rgb
            }
        }

        def Material "RedMetal"
        {
            token outputs:surface.connect = </World/Looks/RedMetal/Surface.outputs:surface>

            def Shader "Surface"
            {
                uniform token info:id = "UsdPreviewSurface"
                color3f inputs:diffuseColor = (0.75, 0.06, 0.04)
                float inputs:metallic = 1
                float inputs:roughness = 0.3
                token outputs:surface
            }
        }

        def Material "Glass"
        {
            token outputs:surface.connect = </World/Looks/Glass/Surface.outputs:surface>

            def Shader "Surface"
            {
                uniform token info:id = "UsdPreviewSurface"
                float inputs:ior = 1.5
                float inputs:opacity = 0.05
                token outputs:surface
            }
        }

        def Material "Plastic"
        {
            token outputs:mtlx:surface.connect = </World/Looks/Plastic/Surface.outputs:out>

            def Shader "Surface"
            {
                uniform token info:id = "ND_open_pbr_surface_surfaceshader"
                color3f inputs:base_color = (0.15, 0.3, 0.65)
                float inputs:specular_roughness = 0.45
                token outputs:out
            }
        }

        def Material "paving"
        {
            token outputs:surface.connect = </World/Looks/paving/Surface.outputs:surface>

            def Shader "Surface"
            {
                uniform token info:id = "UsdPreviewSurface"
                color3f inputs:diffuseColor = (0.16, 0.15, 0.14)
                float inputs:roughness = 0.8
                token outputs:surface
            }
        }
    }

    def Mesh "crate" (
        prepend apiSchemas = ["MaterialBindingAPI"]
    )
    {
        int[] faceVertexCounts = [4, 4, 4, 4, 4, 4]
        int[] faceVertexIndices = [0, 2, 3, 1, 4, 5, 7, 6, 0, 1, 5, 4, 2, 6, 7, 3, 0, 4, 6, 2, 1, 3, 7, 5]
        rel material:binding = </World/Looks/Wood>
        point3f[] points = [(-1.7, 0, -0.25), (-0.9, 0, -0.25), (-1.7, 0.8, -0.25), (-0.9, 0.8, -0.25), (-1.7, 0, 0.55), (-0.9, 0, 0.55), (-1.7, 0.8, 0.55), (-0.9, 0.8, 0.55)]
        texCoord2f[] primvars:st = [(0, 0), (1, 0), (1, 1), (0, 1), (0, 0), (1, 0), (1, 1), (0, 1), (0, 0), (1, 0), (1, 1), (0, 1), (0, 0), (1, 0), (1, 1), (0, 1), (0, 0), (1, 0), (1, 1), (0, 1), (0, 0), (1, 0), (1, 1), (0, 1)] (
            interpolation = "faceVarying"
        )
        uniform token subdivisionScheme = "none"
    }

    def Mesh "ball" (
        prepend apiSchemas = ["MaterialBindingAPI"]
    )
    {
        int[] faceVertexCounts = [4, 4, 4, 4, 4, 4, 4, 4, 4, 4, 4, 4, 4, 4, 4, 4, 4, 4, 4, 4, 4, 4, 4, 4, 4, 4, 4, 4, 4, 4, 4, 4, 4, 4, 4, 4, 4, 4, 4, 4, 4, 4, 4, 4, 4, 4, 4, 4, 4, 4, 4, 4, 4, 4, 4, 4, 4, 4, 4, 4, 4, 4, 4, 4, 4, 4, 4, 4, 4, 4, 4, 4, 4, 4, 4, 4, 4, 4, 4, 4, 4, 4, 4, 4, 4, 4, 4, 4, 4, 4, 4, 4, 4, 4, 4, 4, 4, 4, 4, 4, 4, 4, 4, 4, 4, 4, 4, 4, 4, 4, 4, 4, 4, 4, 4, 4, 4, 4, 4, 4, 4, 4, 4, 4, 4, 4, 4, 4, 4, 4, 4, 4, 4, 4, 4, 4, 4, 4, 4, 4, 4, 4, 4, 4, 4, 4, 4, 4, 4, 4, 4, 4, 4, 4, 4, 4, 4, 4, 4, 4, 4, 4, 4, 4, 4, 4, 4, 4, 4, 4, 4, 4, 4, 4, 4, 4, 4, 4, 4, 4, 4, 4, 4, 4, 4, 4, 4, 4, 4, 4, 4, 4, 4, 4, 4, 4, 4, 4, 4, 4, 4, 4, 4, 4, 4, 4, 4, 4, 4, 4, 4, 4, 4, 4, 4, 4, 4, 4, 4, 4, 4, 4, 4, 4, 4, 4, 4, 4, 4, 4, 4, 4, 4, 4, 4, 4, 4, 4, 4, 4, 4, 4, 4, 4, 4, 4, 4, 4, 4, 4, 4, 4, 4, 4, 4, 4, 4, 4, 4, 4, 4, 4, 4, 4, 4, 4, 4, 4, 4, 4, 4, 4, 4, 4, 4, 4, 4, 4, 4, 4, 4, 4, 4, 4, 4, 4, 4, 4, 4, 4, 4, 4, 4, 4, 4, 4, 4, 4, 4, 4, 4, 4, 4, 4, 4, 4, 4, 4, 4, 4, 4, 4, 4, 4, 4, 4, 4, 4, 4, 4, 4, 4, 4, 4, 4, 4, 4, 4, 4, 4, 4, 4, 4, 4, 4, 4, 4, 4, 4, 4, 4, 4, 4, 4, 4, 4, 4, 4, 4, 4, 4, 4, 4, 4, 4, 4, 4, 4, 4, 4, 4, 4, 4, 4, 4, 4, 4, 4, 4, 4, 4, 4, 4, 4, 4, 4, 4, 4, 4, 4, 4, 4, 4, 4, 4, 4, 4, 4, 4, 4, 4, 4, 4, 4, 4, 4, 4, 4, 4, 4, 4, 4, 4, 4, 4, 4, 4, 4, 4, 4, 4, 4, 4, 4, 4, 4, 4, 4, 4, 4, 4, 4, 4, 4, 4, 4, 4, 4, 4, 4, 4, 4, 4, 4, 4, 4, 4, 4, 4, 4, 4, 4, 4, 4, 4, 4, 4, 4, 4, 4, 4, 4, 4, 4, 4, 4, 4, 4, 4, 4, 4, 4, 4, 4, 4, 4, 4, 4, 4, 4, 4, 4, 4, 4, 4, 4, 4, 4, 4, 4, 4, 4, 4, 4, 4, 4, 4, 4, 4, 4, 4, 4, 4, 4, 4, 4, 4, 4, 4, 4, 4, 4, 4, 4, 4, 4, 4, 4, 4, 4, 4, 4]
        int[] faceVertexIndices = [0, 1, 34, 33, 1, 2, 35, 34, 2, 3, 36, 35, 3, 4, 37, 36, 4, 5, 38, 37, 5, 6, 39, 38, 6, 7, 40, 39, 7, 8, 41, 40, 8, 9, 42, 41, 9, 10, 43, 42, 10, 11, 44, 43, 11, 12, 45, 44, 12, 13, 46, 45, 13, 14, 47, 46, 14, 15, 48, 47, 15, 16, 49, 48, 16, 17, 50, 49, 17, 18, 51, 50, 18, 19, 52, 51, 19, 20, 53, 52, 20, 21, 54, 53, 21, 22, 55, 54, 22, 23, 56, 55, 23, 24, 57, 56, 24, 25, 58, 57, 25, 26, 59, 58, 26, 27, 60, 59, 27, 28, 61, 60, 28, 29, 62, 61, 29, 30, 63, 62, 30, 31, 64, 63, 31, 32, 65, 64, 33, 34, 67, 66, 34, 35, 68, 67, 35, 36, 69, 68, 36, 37, 70, 69, 37, 38, 71, 70, 38, 39, 72, 71, 39, 40, 73, 72, 40, 41, 74, 73, 41, 42, 75, 74, 42, 43, 76, 75, 43, 44, 77, 76, 44, 45, 78, 77, 45, 46, 79, 78, 46, 47, 80, 79, 47, 48, 81, 80, 48, 49, 82, 81, 49, 50, 83, 82, 50, 51, 84, 83, 51, 52, 85, 84, 52, 53, 86, 85, 53, 54, 87, 86, 54, 55, 88, 87, 55, 56, 89, 88, 56, 57, 90, 89, 57, 58, 91, 90, 58, 59, 92, 91, 59, 60, 93, 92, 60, 61, 94, 93, 61, 62, 95, 94, 62, 63, 96, 95, 63, 64, 97, 96, 64, 65, 98, 97, 66, 67, 100, 99, 67, 68, 101, 100, 68, 69, 102, 101, 69, 70, 103, 102, 70, 71, 104, 103, 71, 72, 105, 104, 72, 73, 106, 105, 73, 74, 107, 106, 74, 75, 108, 107, 75, 76, 109, 108, 76, 77, 110, 109, 77, 78, 111, 110, 78, 79, 112, 111, 79, 80, 113, 112, 80, 81, 114, 113, 81, 82, 115, 114, 82, 83, 116, 115, 83, 84, 117, 116, 84, 85, 118, 117, 85, 86, 119, 118, 86, 87, 120, 119, 87, 88, 121, 120, 88, 89, 122, 121, 89, 90, 123, 122, 90, 91, 124, 123, 91, 92, 125, 124, 92, 93, 126, 125, 93, 94, 127, 126, 94, 95, 128, 127, 95, 96, 129, 128, 96, 97, 130, 129, 97, 98, 131, 130, 99, 100, 133, 132, 100, 101, 134, 133, 101, 102, 135, 134, 102, 103, 136, 135, 103, 104, 137, 136, 104, 105, 138, 137, 105, 106, 139, 138, 106, 107, 140, 139, 107, 108, 141, 140, 108, 109, 142, 141, 109, 110, 143, 142, 110, 111, 144, 143, 111, 112, 145, 144, 112, 113, 146, 145, 113, 114, 147, 146, 114, 115, 148, 147, 115, 116, 149, 148, 116, 117, 150, 149, 117, 118, 151, 150, 118, 119, 152, 151, 119, 120, 153, 152, 120, 121, 154, 153, 121, 122, 155, 154, 122, 123, 156, 155, 123, 124, 157, 156, 124, 125, 158, 157, 125, 126, 159, 158, 126, 127, 160, 159, 127, 128, 161, 160, 128, 129, 162, 161, 129, 130, 163, 162, 130, 131, 164, 163, 132, 133, 166, 165, 133, 134, 167, 166, 134, 135, 168, 167, 135, 136, 169, 168, 136, 137, 170, 169, 137, 138, 171, 170, 138, 139, 172, 171, 139, 140, 173, 172, 140, 141, 174, 173, 141, 142, 175, 174, 142, 143, 176, 175, 143, 144, 177, 176, 144, 145, 178, 177, 145, 146, 179, 178, 146, 147, 180, 179, 147, 148, 181, 180, 148, 149, 182, 181, 149, 150, 183, 182, 150, 151, 184, 183, 151, 152, 185, 184, 152, 153, 186, 185, 153, 154, 187, 186, 154, 155, 188, 187, 155, 156, 189, 188, 156, 157, 190, 189, 157, 158, 191, 190, 158, 159, 192, 191, 159, 160, 193, 192, 160, 161, 194, 193, 161, 162, 195, 194, 162, 163, 196, 195, 163, 164, 197, 196, 165, 166, 199, 198, 166, 167, 200, 199, 167, 168, 201, 200, 168, 169, 202, 201, 169, 170, 203, 202, 170, 171, 204, 203, 171, 172, 205, 204, 172, 173, 206, 205, 173, 174, 207, 206, 174, 175, 208, 207, 175, 176, 209, 208, 176, 177, 210, 209, 177, 178, 211, 210, 178, 179, 212, 211, 179, 180, 213, 212, 180, 181, 214, 213, 181, 182, 215, 214, 182, 183, 216, 215, 183, 184, 217, 216, 184, 185, 218, 217, 185, 186, 219, 218, 186, 187, 220, 219, 187, 188, 221, 220, 188, 189, 222, 221, 189, 190, 223, 222, 190, 191, 224, 223, 191, 192, 225, 224, 192, 193, 226, 225, 193, 194, 227, 226, 194, 195, 228, 227, 195, 196, 229, 228, 196, 197, 230, 229, 198, 199, 232, 231, 199, 200, 233, 232, 200, 201, 234, 233, 201, 202, 235, 234, 202, 203, 236, 235, 203, 204, 237, 236, 204, 205, 238, 237, 205, 206, 239, 238, 206, 207, 240, 239, 207, 208, 241, 240, 208, 209, 242, 241, 209, 210, 243, 242, 210, 211, 244, 243, 211, 212, 245, 244, 212, 213, 246, 245, 213, 214, 247, 246, 214, 215, 248, 247, 215, 216, 249, 248, 216, 217, 250, 249, 217, 218, 251, 250, 218, 219, 252, 251, 219, 220, 253, 252, 220, 221, 254, 253, 221, 222, 255, 254, 222, 223, 256, 255, 223, 224, 257, 256, 224, 225, 258, 257, 225, 226, 259, 258, 226, 227, 260, 259, 227, 228, 261, 260, 228, 229, 262, 261, 229, 230, 263, 262, 231, 232, 265, 264, 232, 233, 266, 265, 233, 234, 267, 266, 234, 235, 268, 267, 235, 236, 269, 268, 236, 237, 270, 269, 237, 238, 271, 270, 238, 239, 272, 271, 239, 240, 273, 272, 240, 241, 274, 273, 241, 242, 275, 274, 242, 243, 276, 275, 243, 244, 277, 276, 244, 245, 278, 277, 245, 246, 279, 278, 246, 247, 280, 279, 247, 248, 281, 280, 248, 249, 282, 281, 249, 250, 283, 282, 250, 251, 284, 283, 251, 252, 285, 284, 252, 253, 286, 285, 253, 254, 287, 286, 254, 255, 288, 287, 255, 256, 289, 288, 256, 257, 290, 289, 257, 258, 291, 290, 258, 259, 292, 291, 259, 260, 293, 292, 260, 261, 294, 293, 261, 262, 295, 294, 262, 263, 296, 295, 264, 265, 298, 297, 265, 266, 299, 298, 266, 267, 300, 299, 267, 268, 301, 300, 268, 269, 302, 301, 269, 270, 303, 302, 270, 271, 304, 303, 271, 272, 305, 304, 272, 273, 306, 305, 273, 274, 307, 306, 274, 275, 308, 307, 275, 276, 309, 308, 276, 277, 310, 309, 277, 278, 311, 310, 278, 279, 312, 311, 279, 280, 313, 312, 280, 281, 314, 313, 281, 282, 315, 314, 282, 283, 316, 315, 283, 284, 317, 316, 284, 285, 318, 317, 285, 286, 319, 318, 286, 287, 320, 319, 287, 288, 321, 320, 288, 289, 322, 321, 289, 290, 323, 322, 290, 291, 324, 323, 291, 292, 325, 324, 292, 293, 326, 325, 293, 294, 327, 326, 294, 295, 328, 327, 295, 296, 329, 328, 297, 298, 331, 330, 298, 299, 332, 331, 299, 300, 333, 332, 300, 301, 334, 333, 301, 302, 335, 334, 302, 303, 336, 335, 303, 304, 337, 336, 304, 305, 338, 337, 305, 306, 339, 338, 306, 307, 340, 339, 307, 308, 341, 340, 308, 309, 342, 341, 309, 310, 343, 342, 310, 311, 344, 343, 311, 312, 345, 344, 312, 313, 346, 345, 313, 314, 347, 346, 314, 315, 348, 347, 315, 316, 349, 348, 316, 317, 350, 349, 317, 318, 351, 350, 318, 319, 352, 351, 319, 320, 353, 352, 320, 321, 354, 353, 321, 322, 355, 354, 322, 323, 356, 355, 323, 324, 357, 356, 324, 325, 358, 357, 325, 326, 359, 358, 326, 327, 360, 359, 327, 328, 361, 360, 328, 329, 362, 361, 330, 331, 364, 363, 331, 332, 365, 364, 332, 333, 366, 365, 333, 334, 367, 366, 334, 335, 368, 367, 335, 336, 369, 368, 336, 337, 370, 369, 337, 338, 371, 370, 338, 339, 372, 371, 339, 340, 373, 372, 340, 341, 374, 373, 341, 342, 375, 374, 342, 343, 376, 375, 343, 344, 377, 376, 344, 345, 378, 377, 345, 346, 379, 378, 346, 347, 380, 379, 347, 348, 381, 380, 348, 349, 382, 381, 349, 350, 383, 382, 350, 351, 384, 383, 351, 352, 385, 384, 352, 353, 386, 385, 353, 354, 387, 386, 354, 355, 388, 387, 355, 356, 389, 388, 356, 357, 390, 389, 357, 358, 391, 390, 358, 359, 392, 391, 359, 360, 393, 392, 360, 361, 394, 393, 361, 362, 395, 394, 363, 364, 397, 396, 364, 365, 398, 397, 365, 366, 399, 398, 366, 367, 400, 399, 367, 368, 401, 400, 368, 369, 402, 401, 369, 370, 403, 402, 370, 371, 404, 403, 371, 372, 405, 404, 372, 373, 406, 405, 373, 374, 407, 406, 374, 375, 408, 407, 375, 376, 409, 408, 376, 377, 410, 409, 377, 378, 411, 410, 378, 379, 412, 411, 379, 380, 413, 412, 380, 381, 414, 413, 381, 382, 415, 414, 382, 383, 416, 415, 383, 384, 417, 416, 384, 385, 418, 417, 385, 386, 419, 418, 386, 387, 420, 419, 387, 388, 421, 420, 388, 389, 422, 421, 389, 390, 423, 422, 390, 391, 424, 423, 391, 392, 425, 424, 392, 393, 426, 425, 393, 394, 427, 426, 394, 395, 428, 427, 396, 397, 430, 429, 397, 398, 431, 430, 398, 399, 432, 431, 399, 400, 433, 432, 400, 401, 434, 433, 401, 402, 435, 434, 402, 403, 436, 435, 403, 404, 437, 436, 404, 405, 438, 437, 405, 406, 439, 438, 406, 407, 440, 439, 407, 408, 441, 440, 408, 409, 442, 441, 409, 410, 443, 442, 410, 411, 444, 443, 411, 412, 445, 444, 412, 413, 446, 445, 413, 414, 447, 446, 414, 415, 448, 447, 415, 416, 449, 448, 416, 417, 450, 449, 417, 418, 451, 450, 418, 419, 452, 451, 419, 420, 453, 452, 420, 421, 454, 453, 421, 422, 455, 454, 422, 423, 456, 455, 423, 424, 457, 456, 424, 425, 458, 457, 425, 426, 459, 458, 426, 427, 460, 459, 427, 428, 461, 460, 429, 430, 463, 462, 430, 431, 464, 463, 431, 432, 465, 464, 432, 433, 466, 465, 433, 434, 467, 466, 434, 435, 468, 467, 435, 436, 469, 468, 436, 437, 470, 469, 437, 438, 471, 470, 438, 439, 472, 471, 439, 440, 473, 472, 440, 441, 474, 473, 441, 442, 475, 474, 442, 443, 476, 475, 443, 444, 477, 476, 444, 445, 478, 477, 445, 446, 479, 478, 446, 447, 480, 479, 447, 448, 481, 480, 448, 449, 482, 481, 449, 450, 483, 482, 450, 451, 484, 483, 451, 452, 485, 484, 452, 453, 486, 485, 453, 454, 487, 486, 454, 455, 488, 487, 455, 456, 489, 488, 456, 457, 490, 489, 457, 458, 491, 490, 458, 459, 492, 491, 459, 460, 493, 492, 460, 461, 494, 493, 462, 463, 496, 495, 463, 464, 497, 496, 464, 465, 498, 497, 465, 466, 499, 498, 466, 467, 500, 499, 467, 468, 501, 500, 468, 469, 502, 501, 469, 470, 503, 502, 470, 471, 504, 503, 471, 472, 505, 504, 472, 473, 506, 505, 473, 474, 507, 506, 474, 475, 508, 507, 475, 476, 509, 508, 476, 477, 510, 509, 477, 478, 511, 510, 478, 479, 512, 511, 479, 480, 513, 512, 480, 481, 514, 513, 481, 482, 515, 514, 482, 483, 516, 515, 483, 484, 517, 516, 484, 485, 518, 517, 485, 486, 519, 518, 486, 487, 520, 519, 487, 488, 521, 520, 488, 489, 522, 521, 489, 490, 523, 522, 490, 491, 524, 523, 491, 492, 525, 524, 492, 493, 526, 525, 493, 494, 527, 526, 495, 496, 529, 528, 496, 497, 530, 529, 497, 498, 531, 530, 498, 499, 532, 531, 499, 500, 533, 532, 500, 501, 534, 533, 501, 502, 535, 534, 502, 503, 536, 535, 503, 504, 537, 536, 504, 505, 538, 537, 505, 506, 539, 538, 506, 507, 540, 539, 507, 508, 541, 540, 508, 509, 542, 541, 509, 510, 543, 542, 510, 511, 544, 543, 511, 512, 545, 544, 512, 513, 546, 545, 513, 514, 547, 546, 514, 515, 548, 547, 515, 516, 549, 548, 516, 517, 550, 549, 517, 518, 551, 550, 518, 519, 552, 551, 519, 520, 553, 552, 520, 521, 554, 553, 521, 522, 555, 554, 522, 523, 556, 555, 523, 524, 557, 556, 524, 525, 558, 557, 525, 526, 559, 558, 526, 527, 560, 559]
        rel material:binding = </World/Looks/Bricks>
        normal3f[] normals = [(0, -1, -0), (0, -1, -0), (0, -1, -0), (0, -1, -0), (0, -1, -0), (0, -1, -0), (0, -1, -0), (0, -1, -0), (0, -1, -0), (-0, -1, -0), (-0, -1, -0), (-0, -1, -0), (-0, -1, -0), (-0, -1, -0), (-0, -1, -0), (-0, -1, -0), (-0, -1, -0), (-0, -1, 0), (-0, -1, 0), (-0, -1, 0), (-0, -1, 0), (-0, -1, 0), (-0, -1, 0), (-0, -1, 0), (-0, -1, 0), (0, -1, 0), (0, -1, 0), (0, -1, 0), (0, -1, 0), (0, -1, 0), (0, -1, 0), (0, -1, 0), (0, -1, 0), (0.1951, -0.9808, -0), (0.1913, -0.9808, -0.0381), (0.1802, -0.9808, -0.0747), (0.1622, -0.9808, -0.1084), (0.1379, -0.9808, -0.1379), (0.1084, -0.9808, -0.1622), (0.0747, -0.9808, -0.1802), (0.0381, -0.9808, -0.1913), (0, -0.9808, -0.1951), (-0.0381, -0.9808, -0.1913), (-0.0747, -0.9808, -0.1802), (-0.1084, -0.9808, -0.1622), (-0.1379, -0.9808, -0.1379), (-0.1622, -0.9808, -0.1084), (-0.1802, -0.9808, -0.0747), (-0.1913, -0.9808, -0.0381), (-0.1951, -0.9808, -0), (-0.1913, -0.9808, 0.0381), (-0.1802, -0.9808, 0.0747), (-0.1622, -0.9808, 0.1084), (-0.1379, -0.9808, 0.1379), (-0.1084, -0.9808, 0.1622), (-0.0747, -0.9808, 0.1802), (-0.0381, -0.9808, 0.1913), (-0, -0.9808, 0.1951), (0.0381, -0.9808, 0.1913), (0.0747, -0.9808, 0.1802), (0.1084, -0.9808, 0.1622), (0.1379, -0.9808, 0.1379), (0.1622, -0.9808, 0.1084), (0.1802, -0.9808, 0.0747), (0.1913, -0.9808, 0.0381), (0.1951, -0.9808, 0), (0.3827, -0.9239, -0), (0.3753, -0.9239, -0.0747), (0.3536, -0.9239, -0.1464), (0.3182, -0.9239, -0.2126), (0.2706, -0.9239, -0.2706), (0.2126, -0.9239, -0.3182), (0.1464, -0.9239, -0.3536), (0.0747, -0.9239, -0.3753), (0, -0.9239, -0.3827), (-0.0747, -0.9239, -0.3753), (-0.1464, -0.9239, -0.3536), (-0.2126, -0.9239, -0.3182), (-0.2706, -0.9239, -0.2706), (-0.3182, -0.9239, -0.2126), (-0.3536, -0.9239, -0.1464), (-0.3753, -0.9239, -0.0747), (-0.3827, -0.9239, -0), (-0.3753, -0.9239, 0.0747), (-0.3536, -0.9239, 0.1464), (-0.3182, -0.9239, 0.2126), (-0.2706, -0.9239, 0.2706), (-0.2126, -0.9239, 0.3182), (-0.1464, -0.9239, 0.3536), (-0.0747, -0.9239, 0.3753), (-0, -0.9239, 0.3827), (0.0747, -0.9239, 0.3753), (0.1464, -0.9239, 0.3536), (0.2126, -0.9239, 0.3182), (0.2706, -0.9239, 0.2706), (0.3182, -0.9239, 0.2126), (0.3536, -0.9239, 0.1464), (0.3753, -0.9239, 0.0747), (0.3827, -0.9239, 0), (0.5556, -0.8315, -0), (0.5449, -0.8315, -0.1084), (0.5133, -0.8315, -0.2126), (0.4619, -0.8315, -0.3087), (0.3928, -0.8315, -0.3928), (0.3087, -0.8315, -0.4619), (0.2126, -0.8315, -0.5133), (0.1084, -0.8315, -0.5449), (0, -0.8315, -0.5556), (-0.1084, -0.8315, -0.5449), (-0.2126, -0.8315, -0.5133), (-0.3087, -0.8315, -0.4619), (-0.3928, -0.8315, -0.3928), (-0.4619, -0.8315, -0.3087), (-0.5133, -0.8315, -0.2126), (-0.5449, -0.8315, -0.1084), (-0.5556, -0.8315, -0), (-0.5449, -0.8315, 0.1084), (-0.5133, -0.8315, 0.2126), (-0.4619, -0.8315, 0.3087), (-0.3928, -0.8315, 0.3928), (-0.3087, -0.8315, 0.4619), (-0.2126, -0.8315, 0.5133), (-0.1084, -0.8315, 0.5449), (-0, -0.8315, 0.5556), (0.1084, -0.8315, 0.5449), (0.2126, -0.8315, 0.5133), (0.3087, -0.8315, 0.4619), (0.3928, -0.8315, 0.3928), (0.4619, -0.8315, 0.3087), (0.5133, -0.8315, 0.2126), (0.5449, -0.8315, 0.1084), (0.5556, -0.8315, 0), (0.7071, -0.7071, -0), (0.6935, -0.7071, -0.1379), (0.6533, -0.7071, -0.2706), (0.5879, -0.7071, -0.3928), (0.5, -0.7071, -0.5), (0.3928, -0.7071, -0.5879), (0.2706, -0.7071, -0.6533), (0.1379, -0.7071, -0.6935), (0, -0.7071, -0.7071), (-0.1379, -0.7071, -0.6935), (-0.2706, -0.7071, -0.6533), (-0.3928, -0.7071, -0.5879), (-0.5, -0.7071, -0.5), (-0.5879, -0.7071, -0.3928), (-0.6533, -0.7071, -0.2706), (-0.6935, -0.7071, -0.1379), (-0.7071, -0.7071, -0), (-0.6935, -0.7071, 0.1379), (-0.6533, -0.7071, 0.2706), (-0.5879, -0.7071, 0.3928), (-0.5, -0.7071, 0.5), (-0.3928, -0.7071, 0.5879), (-0.2706, -0.7071, 0.6533), (-0.1379, -0.7071, 0.6935), (-0, -0.7071, 0.7071), (0.1379, -0.7071, 0.6935), (0.2706, -0.7071, 0.6533), (0.3928, -0.7071, 0.5879), (0.5, -0.7071, 0.5), (0.5879, -0.7071, 0.3928), (0.6533, -0.7071, 0.2706), (0.6935, -0.7071, 0.1379), (0.7071, -0.7071, 0), (0.8315, -0.5556, -0), (0.8155, -0.5556, -0.1622), (0.7682, -0.5556, -0.3182), (0.6913, -0.5556, -0.4619), (0.5879, -0.5556, -0.5879), (0.4619, -0.5556, -0.6913), (0.3182, -0.5556, -0.7682), (0.1622, -0.5556, -0.8155), (0, -0.5556, -0.8315), (-0.1622, -0.5556, -0.8155), (-0.3182, -0.5556, -0.7682), (-0.4619, -0.5556, -0.6913), (-0.5879, -0.5556, -0.5879), (-0.6913, -0.5556, -0.4619), (-0.7682, -0.5556, -0.3182), (-0.8155, -0.5556, -0.1622), (-0.8315, -0.5556, -0), (-0.8155, -0.5556, 0.1622), (-0.7682, -0.5556, 0.3182), (-0.6913, -0.5556, 0.4619), (-0.5879, -0.5556, 0.5879), (-0.4619, -0.5556, 0.6913), (-0.3182, -0.5556, 0.7682), (-0.1622, -0.5556, 0.8155), (-0, -0.5556, 0.8315), (0.1622, -0.5556, 0.8155), (0.3182, -0.5556, 0.7682), (0.4619, -0.5556, 0.6913), (0.5879, -0.5556, 0.5879), (0.6913, -0.5556, 0.4619), (0.7682, -0.5556, 0.3182), (0.8155, -0.5556, 0.1622), (0.8315, -0.5556, 0), (0.9239, -0.3827, -0), (0.9061, -0.3827, -0.1802), (0.8536, -0.3827, -0.3536), (0.7682, -0.3827, -0.5133), (0.6533, -0.3827, -0.6533), (0.5133, -0.3827, -0.7682), (0.3536, -0.3827, -0.8536), (0.1802, -0.3827, -0.9061), (0, -0.3827, -0.9239), (-0.1802, -0.3827, -0.9061), (-0.3536, -0.3827, -0.8536), (-0.5133, -0.3827, -0.7682), (-0.6533, -0.3827, -0.6533), (-0.7682, -0.3827, -0.5133), (-0.8536, -0.3827, -0.3536), (-0.9061, -0.3827, -0.1802), (-0.9239, -0.3827, -0), (-0.9061, -0.3827, 0.1802), (-0.8536, -0.3827, 0.3536), (-0.7682, -0.3827, 0.5133), (-0.6533, -0.3827, 0.6533), (-0.5133, -0.3827, 0.7682), (-0.3536, -0.3827, 0.8536), (-0.1802, -0.3827, 0.9061), (-0, -0.3827, 0.9239), (0.1802, -0.3827, 0.9061), (0.3536, -0.3827, 0.8536), (0.5133, -0.3827, 0.7682), (0.6533, -0.3827, 0.6533), (0.7682, -0.3827, 0.5133), (0.8536, -0.3827, 0.3536), (0.9061, -0.3827, 0.1802), (0.9239, -0.3827, 0), (0.9808, -0.1951, -0), (0.9619, -0.1951, -0.1913), (0.9061, -0.1951, -0.3753), (0.8155, -0.1951, -0.5449), (0.6935, -0.1951, -0.6935), (0.5449, -0.1951, -0.8155), (0.3753, -0.1951, -0.9061), (0.1913, -0.1951, -0.9619), (0, -0.1951, -0.9808), (-0.1913, -0.1951, -0.9619), (-0.3753, -0.1951, -0.9061), (-0.5449, -0.1951, -0.8155), (-0.6935, -0.1951, -0.6935), (-0.8155, -0.1951, -0.5449), (-0.9061, -0.1951, -0.3753), (-0.9619, -0.1951, -0.1913), (-0.9808, -0.1951, -0), (-0.9619, -0.1951, 0.1913), (-0.9061, -0.1951, 0.3753), (-0.8155, -0.1951, 0.5449), (-0.6935, -0.1951, 0.6935), (-0.5449, -0.1951, 0.8155), (-0.3753, -0.1951, 0.9061), (-0.1913, -0.1951, 0.9619), (-0, -0.1951, 0.9808), (0.1913, -0.1951, 0.9619), (0.3753, -0.1951, 0.9061), (0.5449, -0.1951, 0.8155), (0.6935, -0.1951, 0.6935), (0.8155, -0.1951, 0.5449), (0.9061, -0.1951, 0.3753), (0.9619, -0.1951, 0.1913), (0.9808, -0.1951, 0), (1, 0, -0), (0.9808, 0, -0.1951), (0.9239, 0, -0.3827), (0.8315, 0, -0.5556), (0.7071, 0, -0.7071), (0.5556, 0, -0.8315), (0.3827, 0, -0.9239), (0.1951, 0, -0.9808), (0, 0, -1), (-0.1951, 0, -0.9808), (-0.3827, 0, -0.9239), (-0.5556, 0, -0.8315), (-0.7071, 0, -0.7071), (-0.8315, 0, -0.5556), (-0.9239, 0, -0.3827), (-0.9808, 0, -0.1951), (-1, 0, -0), (-0.9808, 0, 0.1951), (-0.9239, 0, 0.3827), (-0.8315, 0, 0.5556), (-0.7071, 0, 0.7071), (-0.5556, 0, 0.8315), (-0.3827, 0, 0.9239), (-0.1951, 0, 0.9808), (-0, 0, 1), (0.1951, 0, 0.9808), (0.3827, 0, 0.9239), (0.5556, 0, 0.8315), (0.7071, 0, 0.7071), (0.8315, 0, 0.5556), (0.9239, 0, 0.3827), (0.9808, 0, 0.1951), (1, 0, 0), (0.9808, 0.1951, -0), (0.9619, 0.1951, -0.1913), (0.9061, 0.1951, -0.3753), (0.8155, 0.1951, -0.5449), (0.6935, 0.1951, -0.6935), (0.5449, 0.1951, -0.8155), (0.3753, 0.1951, -0.9061), (0.1913, 0.1951, -0.9619), (0, 0.1951, -0.9808), (-0.1913, 0.1951, -0.9619), (-0.3753, 0.1951, -0.9061), (-0.5449, 0.1951, -0.8155), (-0.6935, 0.1951, -0.6935), (-0.8155, 0.1951, -0.5449), (-0.9061, 0.1951, -0.3753), (-0.9619, 0.1951, -0.1913), (-0.9808, 0.1951, -0), (-0.9619, 0.1951, 0.1913), (-0.9061, 0.1951, 0.3753), (-0.8155, 0.1951, 0.5449), (-0.6935, 0.1951, 0.6935), (-0.5449, 0.1951, 0.8155), (-0.3753, 0.1951, 0.9061), (-0.1913, 0.1951, 0.9619), (-0, 0.1951, 0.9808), (0.1913, 0.1951, 0.9619), (0.3753, 0.1951, 0.9061), (0.5449, 0.1951, 0.8155), (0.6935, 0.1951, 0.6935), (0.8155, 0.1951, 0.5449), (0.9061, 0.1951, 0.3753), (0.9619, 0.1951, 0.1913), (0.9808, 0.1951, 0), (0.9239, 0.3827, -0), (0.9061, 0.3827, -0.1802), (0.8536, 0.3827, -0.3536), (0.7682, 0.3827, -0.5133), (0.6533, 0.3827, -0.6533), (0.5133, 0.3827, -0.7682), (0.3536, 0.3827, -0.8536), (0.1802, 0.3827, -0.9061), (0, 0.3827, -0.9239), (-0.1802, 0.3827, -0.9061), (-0.3536, 0.3827, -0.8536), (-0.5133, 0.3827, -0.7682), (-0.6533, 0.3827, -0.6533), (-0.7682, 0.3827, -0.5133), (-0.8536, 0.3827, -0.3536), (-0.9061, 0.3827, -0.1802), (-0.9239, 0.3827, -0), (-0.9061, 0.3827, 0.1802), (-0.8536, 0.3827, 0.3536), (-0.7682, 0.3827, 0.5133), (-0.6533, 0.3827, 0.6533), (-0.5133, 0.3827, 0.7682), (-0.3536, 0.3827, 0.8536), (-0.1802, 0.3827, 0.9061), (-0, 0.3827, 0.9239), (0.1802, 0.3827, 0.9061), (0.3536, 0.3827, 0.8536), (0.5133, 0.3827, 0.7682), (0.6533, 0.3827, 0.6533), (0.7682, 0.3827, 0.5133), (0.8536, 0.3827, 0.3536), (0.9061, 0.3827, 0.1802), (0.9239, 0.3827, 0), (0.8315, 0.5556, -0), (0.8155, 0.5556, -0.1622), (0.7682, 0.5556, -0.3182), (0.6913, 0.5556, -0.4619), (0.5879, 0.5556, -0.5879), (0.4619, 0.5556, -0.6913), (0.3182, 0.5556, -0.7682), (0.1622, 0.5556, -0.8155), (0, 0.5556, -0.8315), (-0.1622, 0.5556, -0.8155), (-0.3182, 0.5556, -0.7682), (-0.4619, 0.5556, -0.6913), (-0.5879, 0.5556, -0.5879), (-0.6913, 0.5556, -0.4619), (-0.7682, 0.5556, -0.3182), (-0.8155, 0.5556, -0.1622), (-0.8315, 0.5556, -0), (-0.8155, 0.5556, 0.1622), (-0.7682, 0.5556, 0.3182), (-0.6913, 0.5556, 0.4619), (-0.5879, 0.5556, 0.5879), (-0.4619, 0.5556, 0.6913), (-0.3182, 0.5556, 0.7682), (-0.1622, 0.5556, 0.8155), (-0, 0.5556, 0.8315), (0.1622, 0.5556, 0.8155), (0.3182, 0.5556, 0.7682), (0.4619, 0.5556, 0.6913), (0.5879, 0.5556, 0.5879), (0.6913, 0.5556, 0.4619), (0.7682, 0.5556, 0.3182), (0.8155, 0.5556, 0.1622), (0.8315, 0.5556, 0), (0.7071, 0.7071, -0), (0.6935, 0.7071, -0.1379), (0.6533, 0.7071, -0.2706), (0.5879, 0.7071, -0.3928), (0.5, 0.7071, -0.5), (0.3928, 0.7071, -0.5879), (0.2706, 0.7071, -0.6533), (0.1379, 0.7071, -0.6935), (0, 0.7071, -0.7071), (-0.1379, 0.7071, -0.6935), (-0.2706, 0.7071, -0.6533), (-0.3928, 0.7071, -0.5879), (-0.5, 0.7071, -0.5), (-0.5879, 0.7071, -0.3928), (-0.6533, 0.7071, -0.2706), (-0.6935, 0.7071, -0.1379), (-0.7071, 0.7071, -0), (-0.6935, 0.7071, 0.1379), (-0.6533, 0.7071, 0.2706), (-0.5879, 0.7071, 0.3928), (-0.5, 0.7071, 0.5), (-0.3928, 0.7071, 0.5879), (-0.2706, 0.7071, 0.6533), (-0.1379, 0.7071, 0.6935), (-0, 0.7071, 0.7071), (0.1379, 0.7071, 0.6935), (0.2706, 0.7071, 0.6533), (0.3928, 0.7071, 0.5879), (0.5, 0.7071, 0.5), (0.5879, 0.7071, 0.3928), (0.6533, 0.7071, 0.2706), (0.6935, 0.7071, 0.1379), (0.7071, 0.7071, 0), (0.5556, 0.8315, -0), (0.5449, 0.8315, -0.1084), (0.5133, 0.8315, -0.2126), (0.4619, 0.8315, -0.3087), (0.3928, 0.8315, -0.3928), (0.3087, 0.8315, -0.4619), (0.2126, 0.8315, -0.5133), (0.1084, 0.8315, -0.5449), (0, 0.8315, -0.5556), (-0.1084, 0.8315, -0.5449), (-0.2126, 0.8315, -0.5133), (-0.3087, 0.8315, -0.4619), (-0.3928, 0.8315, -0.3928), (-0.4619, 0.8315, -0.3087), (-0.5133, 0.8315, -0.2126), (-0.5449, 0.8315, -0.1084), (-0.5556, 0.8315, -0), (-0.5449, 0.8315, 0.1084), (-0.5133, 0.8315, 0.2126), (-0.4619, 0.8315, 0.3087), (-0.3928, 0.8315, 0.3928), (-0.3087, 0.8315, 0.4619), (-0.2126, 0.8315, 0.5133), (-0.1084, 0.8315, 0.5449), (-0, 0.8315, 0.5556), (0.1084, 0.8315, 0.5449), (0.2126, 0.8315, 0.5133), (0.3087, 0.8315, 0.4619), (0.3928, 0.8315, 0.3928), (0.4619, 0.8315, 0.3087), (0.5133, 0.8315, 0.2126), (0.5449, 0.8315, 0.1084), (0.5556, 0.8315, 0), (0.3827, 0.9239, -0), (0.3753, 0.9239, -0.0747), (0.3536, 0.9239, -0.1464), (0.3182, 0.9239, -0.2126), (0.2706, 0.9239, -0.2706), (0.2126, 0.9239, -0.3182), (0.1464, 0.9239, -0.3536), (0.0747, 0.9239, -0.3753), (0, 0.9239, -0.3827), (-0.0747, 0.9239, -0.3753), (-0.1464, 0.9239, -0.3536), (-0.2126, 0.9239, -0.3182), (-0.2706, 0.9239, -0.2706), (-0.3182, 0.9239, -0.2126), (-0.3536, 0.9239, -0.1464), (-0.3753, 0.9239, -0.0747), (-0.3827, 0.9239, -0), (-0.3753, 0.9239, 0.0747), (-0.3536, 0.9239, 0.1464), (-0.3182, 0.9239, 0.2126), (-0.2706, 0.9239, 0.2706), (-0.2126, 0.9239, 0.3182), (-0.1464, 0.9239, 0.3536), (-0.0747, 0.9239, 0.3753), (-0, 0.9239, 0.3827), (0.0747, 0.9239, 0.3753), (0.1464, 0.9239, 0.3536), (0.2126, 0.9239, 0.3182), (0.2706, 0.9239, 0.2706), (0.3182, 0.9239, 0.2126), (0.3536, 0.9239, 0.1464), (0.3753, 0.9239, 0.0747), (0.3827, 0.9239, 0), (0.1951, 0.9808, -0), (0.1913, 0.9808, -0.0381), (0.1802, 0.9808, -0.0747), (0.1622, 0.9808, -0.1084), (0.1379, 0.9808, -0.1379), (0.1084, 0.9808, -0.1622), (0.0747, 0.9808, -0.1802), (0.0381, 0.9808, -0.1913), (0, 0.9808, -0.1951), (-0.0381, 0.9808, -0.1913), (-0.0747, 0.9808, -0.1802), (-0.1084, 0.9808, -0.1622), (-0.1379, 0.9808, -0.1379), (-0.1622, 0.9808, -0.1084), (-0.1802, 0.9808, -0.0747), (-0.1913, 0.9808, -0.0381), (-0.1951, 0.9808, -0), (-0.1913, 0.9808, 0.0381), (-0.1802, 0.9808, 0.0747), (-0.1622, 0.9808, 0.1084), (-0.1379, 0.9808, 0.1379), (-0.1084, 0.9808, 0.1622), (-0.0747, 0.9808, 0.1802), (-0.0381, 0.9808, 0.1913), (-0, 0.9808, 0.1951), (0.0381, 0.9808, 0.1913), (0.0747, 0.9808, 0.1802), (0.1084, 0.9808, 0.1622), (0.1379, 0.9808, 0.1379), (0.1622, 0.9808, 0.1084), (0.1802, 0.9808, 0.0747), (0.1913, 0.9808, 0.0381), (0.1951, 0.9808, 0), (0, 1, -0), (0, 1, -0), (0, 1, -0), (0, 1, -0), (0, 1, -0), (0, 1, -0), (0, 1, -0), (0, 1, -0), (0, 1, -0), (-0, 1, -0), (-0, 1, -0), (-0, 1, -0), (-0, 1, -0), (-0, 1, -0), (-0, 1, -0), (-0, 1, -0), (-0, 1, -0), (-0, 1, 0), (-0, 1, 0), (-0, 1, 0), (-0, 1, 0), (-0, 1, 0), (-0, 1, 0), (-0, 1, 0), (-0, 1, 0), (0, 1, 0), (0, 1, 0), (0, 1, 0), (0, 1, 0), (0, 1, 0), (0, 1, 0), (0, 1, 0), (0, 1, 0)] (
            interpolation = "vertex"
        )
        point3f[] points = [(-0.25, 0, -0.3), (-0.25, 0, -0.3), (-0.25, 0, -0.3), (-0.25, 0, -0.3), (-0.25, 0, -0.3), (-0.25, 0, -0.3), (-0.25, 0, -0.3), (-0.25, 0, -0.3), (-0.25, 0, -0.3), (-0.25, 0, -0.3), (-0.25, 0, -0.3), (-0.25, 0, -0.3), (-0.25, 0, -0.3), (-0.25, 0, -0.3), (-0.25, 0, -0.3), (-0.25, 0, -0.3), (-0.25, 0, -0.3), (-0.25, 0, -0.3), (-0.25, 0, -0.3), (-0.25, 0, -0.3), (-0.25, 0, -0.3), (-0.25, 0, -0.3), (-0.25, 0, -0.3), (-0.25, 0, -0.3), (-0.25, 0, -0.3), (-0.25, 0, -0.3), (-0.25, 0, -0.3), (-0.25, 0, -0.3), (-0.25, 0, -0.3), (-0.25, 0, -0.3), (-0.25, 0, -0.3), (-0.25, 0, -0.3), (-0.25, 0, -0.3), (-0.1622, 0.0086, -0.3), (-0.1639, 0.0086, -0.3171), (-0.1689, 0.0086, -0.3336), (-0.177, 0.0086, -0.3488), (-0.1879, 0.0086, -0.3621), (-0.2012, 0.0086, -0.373), (-0.2164, 0.0086, -0.3811), (-0.2329, 0.0086, -0.3861), (-0.25, 0.0086, -0.3878), (-0.2671, 0.0086, -0.3861), (-0.2836, 0.0086, -0.3811), (-0.2988, 0.0086, -0.373), (-0.3121, 0.0086, -0.3621), (-0.323, 0.0086, -0.3488), (-0.3311, 0.0086, -0.3336), (-0.3361, 0.0086, -0.3171), (-0.3378, 0.0086, -0.3), (-0.3361, 0.0086, -0.2829), (-0.3311, 0.0086, -0.2664), (-0.323, 0.0086, -0.2512), (-0.3121, 0.0086, -0.2379), (-0.2988, 0.0086, -0.227), (-0.2836, 0.0086, -0.2189), (-0.2671, 0.0086, -0.2139), (-0.25, 0.0086, -0.2122), (-0.2329, 0.0086, -0.2139), (-0.2164, 0.0086, -0.2189), (-0.2012, 0.0086, -0.227), (-0.1879, 0.0086, -0.2379), (-0.177, 0.0086, -0.2512), (-0.1689, 0.0086, -0.2664), (-0.1639, 0.0086, -0.2829), (-0.1622, 0.0086, -0.3), (-0.0778, 0.0343, -0.3), (-0.0811, 0.0343, -0.3336), (-0.0909, 0.0343, -0.3659), (-0.1068, 0.0343, -0.3957), (-0.1282, 0.0343, -0.4218), (-0.1543, 0.0343, -0.4432), (-0.1841, 0.0343, -0.4591), (-0.2164, 0.0343, -0.4689), (-0.25, 0.0343, -0.4722), (-0.2836, 0.0343, -0.4689), (-0.3159, 0.0343, -0.4591), (-0.3457, 0.0343, -0.4432), (-0.3718, 0.0343, -0.4218), (-0.3932, 0.0343, -0.3957), (-0.4091, 0.0343, -0.3659), (-0.4189, 0.0343, -0.3336), (-0.4222, 0.0343, -0.3), (-0.4189, 0.0343, -0.2664), (-0.4091, 0.0343, -0.2341), (-0.3932, 0.0343, -0.2043), (-0.3718, 0.0343, -0.1782), (-0.3457, 0.0343, -0.1568), (-0.3159, 0.0343, -0.1409), (-0.2836, 0.0343, -0.1311), (-0.25, 0.0343, -0.1278), (-0.2164, 0.0343, -0.1311), (-0.1841, 0.0343, -0.1409), (-0.1543, 0.0343, -0.1568), (-0.1282, 0.0343, -0.1782), (-0.1068, 0.0343, -0.2043), (-0.0909, 0.0343, -0.2341), (-0.0811, 0.0343, -0.2664), (-0.0778, 0.0343, -0.3), (0, 0.0758, -0.3), (-0.0048, 0.0758, -0.3488), (-0.019, 0.0758, -0.3957), (-0.0421, 0.0758, -0.4389), (-0.0732, 0.0758, -0.4768), (-0.1111, 0.0758, -0.5079), (-0.1543, 0.0758, -0.531), (-0.2012, 0.0758, -0.5452), (-0.25, 0.0758, -0.55), (-0.2988, 0.0758, -0.5452), (-0.3457, 0.0758, -0.531), (-0.3889, 0.0758, -0.5079), (-0.4268, 0.0758, -0.4768), (-0.4579, 0.0758, -0.4389), (-0.481, 0.0758, -0.3957), (-0.4952, 0.0758, -0.3488), (-0.5, 0.0758, -0.3), (-0.4952, 0.0758, -0.2512), (-0.481, 0.0758, -0.2043), (-0.4579, 0.0758, -0.1611), (-0.4268, 0.0758, -0.1232), (-0.3889, 0.0758, -0.0921), (-0.3457, 0.0758, -0.069), (-0.2988, 0.0758, -0.0548), (-0.25, 0.0758, -0.05), (-0.2012, 0.0758, -0.0548), (-0.1543, 0.0758, -0.069), (-0.1111, 0.0758, -0.0921), (-0.0732, 0.0758, -0.1232), (-0.0421, 0.0758, -0.1611), (-0.019, 0.0758, -0.2043), (-0.0048, 0.0758, -0.2512), (0, 0.0758, -0.3), (0.0682, 0.1318, -0.3), (0.0621, 0.1318, -0.3621), (0.044, 0.1318, -0.4218), (0.0146, 0.1318, -0.4768), (-0.025, 0.1318, -0.525), (-0.0732, 0.1318, -0.5646), (-0.1282, 0.1318, -0.594), (-0.1879, 0.1318, -0.6121), (-0.25, 0.1318, -0.6182), (-0.3121, 0.1318, -0.6121), (-0.3718, 0.1318, -0.594), (-0.4268, 0.1318, -0.5646), (-0.475, 0.1318, -0.525), (-0.5146, 0.1318, -0.4768), (-0.544, 0.1318, -0.4218), (-0.5621, 0.1318, -0.3621), (-0.5682, 0.1318, -0.3), (-0.5621, 0.1318, -0.2379), (-0.544, 0.1318, -0.1782), (-0.5146, 0.1318, -0.1232), (-0.475, 0.1318, -0.075), (-0.4268, 0.1318, -0.0354), (-0.3718, 0.1318, -0.006), (-0.3121, 0.1318, 0.0121), (-0.25, 0.1318, 0.0182), (-0.1879, 0.1318, 0.0121), (-0.1282, 0.1318, -0.006), (-0.0732, 0.1318, -0.0354), (-0.025, 0.1318, -0.075), (0.0146, 0.1318, -0.1232), (0.044, 0.1318, -0.1782), (0.0621, 0.1318, -0.2379), (0.0682, 0.1318, -0.3), (0.1242, 0.2, -0.3), (0.117, 0.2, -0.373), (0.0957, 0.2, -0.4432), (0.0611, 0.2, -0.5079), (0.0146, 0.2, -0.5646), (-0.0421, 0.2, -0.6111), (-0.1068, 0.2, -0.6457), (-0.177, 0.2, -0.667), (-0.25, 0.2, -0.6742), (-0.323, 0.2, -0.667), (-0.3932, 0.2, -0.6457), (-0.4579, 0.2, -0.6111), (-0.5146, 0.2, -0.5646), (-0.5611, 0.2, -0.5079), (-0.5957, 0.2, -0.4432), (-0.617, 0.2, -0.373), (-0.6242, 0.2, -0.3), (-0.617, 0.2, -0.227), (-0.5957, 0.2, -0.1568), (-0.5611, 0.2, -0.0921), (-0.5146, 0.2, -0.0354), (-0.4579, 0.2, 0.0111), (-0.3932, 0.2, 0.0457), (-0.323, 0.2, 0.067), (-0.25, 0.2, 0.0742), (-0.177, 0.2, 0.067), (-0.1068, 0.2, 0.0457), (-0.0421, 0.2, 0.0111), (0.0146, 0.2, -0.0354), (0.0611, 0.2, -0.0921), (0.0957, 0.2, -0.1568), (0.117, 0.2, -0.227), (0.1242, 0.2, -0.3), (0.1657, 0.2778, -0.3), (0.1578, 0.2778, -0.3811), (0.1341, 0.2778, -0.4591), (0.0957, 0.2778, -0.531), (0.044, 0.2778, -0.594), (-0.019, 0.2778, -0.6457), (-0.0909, 0.2778, -0.6841), (-0.1689, 0.2778, -0.7078), (-0.25, 0.2778, -0.7157), (-0.3311, 0.2778, -0.7078), (-0.4091, 0.2778, -0.6841), (-0.481, 0.2778, -0.6457), (-0.544, 0.2778, -0.594), (-0.5957, 0.2778, -0.531), (-0.6341, 0.2778, -0.4591), (-0.6578, 0.2778, -0.3811), (-0.6657, 0.2778, -0.3), (-0.6578, 0.2778, -0.2189), (-0.6341, 0.2778, -0.1409), (-0.5957, 0.2778, -0.069), (-0.544, 0.2778, -0.006), (-0.481, 0.2778, 0.0457), (-0.4091, 0.2778, 0.0841), (-0.3311, 0.2778, 0.1078), (-0.25, 0.2778, 0.1157), (-0.1689, 0.2778, 0.1078), (-0.0909, 0.2778, 0.0841), (-0.019, 0.2778, 0.0457), (0.044, 0.2778, -0.006), (0.0957, 0.2778, -0.069), (0.1341, 0.2778, -0.1409), (0.1578, 0.2778, -0.2189), (0.1657, 0.2778, -0.3), (0.1914, 0.3622, -0.3), (0.1829, 0.3622, -0.3861), (0.1578, 0.3622, -0.4689), (0.117, 0.3622, -0.5452), (0.0621, 0.3622, -0.6121), (-0.0048, 0.3622, -0.667), (-0.0811, 0.3622, -0.7078), (-0.1639, 0.3622, -0.7329), (-0.25, 0.3622, -0.7414), (-0.3361, 0.3622, -0.7329), (-0.4189, 0.3622, -0.7078), (-0.4952, 0.3622, -0.667), (-0.5621, 0.3622, -0.6121), (-0.617, 0.3622, -0.5452), (-0.6578, 0.3622, -0.4689), (-0.6829, 0.3622, -0.3861), (-0.6914, 0.3622, -0.3), (-0.6829, 0.3622, -0.2139), (-0.6578, 0.3622, -0.1311), (-0.617, 0.3622, -0.0548), (-0.5621, 0.3622, 0.0121), (-0.4952, 0.3622, 0.067), (-0.4189, 0.3622, 0.1078), (-0.3361, 0.3622, 0.1329), (-0.25, 0.3622, 0.1414), (-0.1639, 0.3622, 0.1329), (-0.0811, 0.3622, 0.1078), (-0.0048, 0.3622, 0.067), (0.0621, 0.3622, 0.0121), (0.117, 0.3622, -0.0548), (0.1578, 0.3622, -0.1311), (0.1829, 0.3622, -0.2139), (0.1914, 0.3622, -0.3), (0.2, 0.45, -0.3), (0.1914, 0.45, -0.3878), (0.1657, 0.45, -0.4722), (0.1242, 0.45, -0.55), (0.0682, 0.45, -0.6182), (0, 0.45, -0.6742), (-0.0778, 0.45, -0.7157), (-0.1622, 0.45, -0.7414), (-0.25, 0.45, -0.75), (-0.3378, 0.45, -0.7414), (-0.4222, 0.45, -0.7157), (-0.5, 0.45, -0.6742), (-0.5682, 0.45, -0.6182), (-0.6242, 0.45, -0.55), (-0.6657, 0.45, -0.4722), (-0.6914, 0.45, -0.3878), (-0.7, 0.45, -0.3), (-0.6914, 0.45, -0.2122), (-0.6657, 0.45, -0.1278), (-0.6242, 0.45, -0.05), (-0.5682, 0.45, 0.0182), (-0.5, 0.45, 0.0742), (-0.4222, 0.45, 0.1157), (-0.3378, 0.45, 0.1414), (-0.25, 0.45, 0.15), (-0.1622, 0.45, 0.1414), (-0.0778, 0.45, 0.1157), (0, 0.45, 0.0742), (0.0682, 0.45, 0.0182), (0.1242, 0.45, -0.05), (0.1657, 0.45, -0.1278), (0.1914, 0.45, -0.2122), (0.2, 0.45, -0.3), (0.1914, 0.5378, -0.3), (0.1829, 0.5378, -0.3861), (0.1578, 0.5378, -0.4689), (0.117, 0.5378, -0.5452), (0.0621, 0.5378, -0.6121), (-0.0048, 0.5378, -0.667), (-0.0811, 0.5378, -0.7078), (-0.1639, 0.5378, -0.7329), (-0.25, 0.5378, -0.7414), (-0.3361, 0.5378, -0.7329), (-0.4189, 0.5378, -0.7078), (-0.4952, 0.5378, -0.667), (-0.5621, 0.5378, -0.6121), (-0.617, 0.5378, -0.5452), (-0.6578, 0.5378, -0.4689), (-0.6829, 0.5378, -0.3861), (-0.6914, 0.5378, -0.3), (-0.6829, 0.5378, -0.2139), (-0.6578, 0.5378, -0.1311), (-0.617, 0.5378, -0.0548), (-0.5621, 0.5378, 0.0121), (-0.4952, 0.5378, 0.067), (-0.4189, 0.5378, 0.1078), (-0.3361, 0.5378, 0.1329), (-0.25, 0.5378, 0.1414), (-0.1639, 0.5378, 0.1329), (-0.0811, 0.5378, 0.1078), (-0.0048, 0.5378, 0.067), (0.0621, 0.5378, 0.0121), (0.117, 0.5378, -0.0548), (0.1578, 0.5378, -0.1311), (0.1829, 0.5378, -0.2139), (0.1914, 0.5378, -0.3), (0.1657, 0.6222, -0.3), (0.1578, 0.6222, -0.3811), (0.1341, 0.6222, -0.4591), (0.0957, 0.6222, -0.531), (0.044, 0.6222, -0.594), (-0.019, 0.6222, -0.6457), (-0.0909, 0.6222, -0.6841), (-0.1689, 0.6222, -0.7078), (-0.25, 0.6222, -0.7157), (-0.3311, 0.6222, -0.7078), (-0.4091, 0.6222, -0.6841), (-0.481, 0.6222, -0.6457), (-0.544, 0.6222, -0.594), (-0.5957, 0.6222, -0.531), (-0.6341, 0.6222, -0.4591), (-0.6578, 0.6222, -0.3811), (-0.6657, 0.6222, -0.3), (-0.6578, 0.6222, -0.2189), (-0.6341, 0.6222, -0.1409), (-0.5957, 0.6222, -0.069), (-0.544, 0.6222, -0.006), (-0.481, 0.6222, 0.0457), (-0.4091, 0.6222, 0.0841), (-0.3311, 0.6222, 0.1078), (-0.25, 0.6222, 0.1157), (-0.1689, 0.6222, 0.1078), (-0.0909, 0.6222, 0.0841), (-0.019, 0.6222, 0.0457), (0.044, 0.6222, -0.006), (0.0957, 0.6222, -0.069), (0.1341, 0.6222, -0.1409), (0.1578, 0.6222, -0.2189), (0.1657, 0.6222, -0.3), (0.1242, 0.7, -0.3), (0.117, 0.7, -0.373), (0.0957, 0.7, -0.4432), (0.0611, 0.7, -0.5079), (0.0146, 0.7, -0.5646), (-0.0421, 0.7, -0.6111), (-0.1068, 0.7, -0.6457), (-0.177, 0.7, -0.667), (-0.25, 0.7, -0.6742), (-0.323, 0.7, -0.667), (-0.3932, 0.7, -0.6457), (-0.4579, 0.7, -0.6111), (-0.5146, 0.7, -0.5646), (-0.5611, 0.7, -0.5079), (-0.5957, 0.7, -0.4432), (-0.617, 0.7, -0.373), (-0.6242, 0.7, -0.3), (-0.617, 0.7, -0.227), (-0.5957, 0.7, -0.1568), (-0.5611, 0.7, -0.0921), (-0.5146, 0.7, -0.0354), (-0.4579, 0.7, 0.0111), (-0.3932, 0.7, 0.0457), (-0.323, 0.7, 0.067), (-0.25, 0.7, 0.0742), (-0.177, 0.7, 0.067), (-0.1068, 0.7, 0.0457), (-0.0421, 0.7, 0.0111), (0.0146, 0.7, -0.0354), (0.0611, 0.7, -0.0921), (0.0957, 0.7, -0.1568), (0.117, 0.7, -0.227), (0.1242, 0.7, -0.3), (0.0682, 0.7682, -0.3), (0.0621, 0.7682, -0.3621), (0.044, 0.7682, -0.4218), (0.0146, 0.7682, -0.4768), (-0.025, 0.7682, -0.525), (-0.0732, 0.7682, -0.5646), (-0.1282, 0.7682, -0.594), (-0.1879, 0.7682, -0.6121), (-0.25, 0.7682, -0.6182), (-0.3121, 0.7682, -0.6121), (-0.3718, 0.7682, -0.594), (-0.4268, 0.7682, -0.5646), (-0.475, 0.7682, -0.525), (-0.5146, 0.7682, -0.4768), (-0.544, 0.7682, -0.4218), (-0.5621, 0.7682, -0.3621), (-0.5682, 0.7682, -0.3), (-0.5621, 0.7682, -0.2379), (-0.544, 0.7682, -0.1782), (-0.5146, 0.7682, -0.1232), (-0.475, 0.7682, -0.075), (-0.4268, 0.7682, -0.0354), (-0.3718, 0.7682, -0.006), (-0.3121, 0.7682, 0.0121), (-0.25, 0.7682, 0.0182), (-0.1879, 0.7682, 0.0121), (-0.1282, 0.7682, -0.006), (-0.0732, 0.7682, -0.0354), (-0.025, 0.7682, -0.075), (0.0146, 0.7682, -0.1232), (0.044, 0.7682, -0.1782), (0.0621, 0.7682, -0.2379), (0.0682, 0.7682, -0.3), (0, 0.8242, -0.3), (-0.0048, 0.8242, -0.3488), (-0.019, 0.8242, -0.3957), (-0.0421, 0.8242, -0.4389), (-0.0732, 0.8242, -0.4768), (-0.1111, 0.8242, -0.5079), (-0.1543, 0.8242, -0.531), (-0.2012, 0.8242, -0.5452), (-0.25, 0.8242, -0.55), (-0.2988, 0.8242, -0.5452), (-0.3457, 0.8242, -0.531), (-0.3889, 0.8242, -0.5079), (-0.4268, 0.8242, -0.4768), (-0.4579, 0.8242, -0.4389), (-0.481, 0.8242, -0.3957), (-0.4952, 0.8242, -0.3488), (-0.5, 0.8242, -0.3), (-0.4952, 0.8242, -0.2512), (-0.481, 0.8242, -0.2043), (-0.4579, 0.8242, -0.1611), (-0.4268, 0.8242, -0.1232), (-0.3889, 0.8242, -0.0921), (-0.3457, 0.8242, -0.069), (-0.2988, 0.8242, -0.0548), (-0.25, 0.8242, -0.05), (-0.2012, 0.8242, -0.0548), (-0.1543, 0.8242, -0.069), (-0.1111, 0.8242, -0.0921), (-0.0732, 0.8242, -0.1232), (-0.0421, 0.8242, -0.1611), (-0.019, 0.8242, -0.2043), (-0.0048, 0.8242, -0.2512), (0, 0.8242, -0.3), (-0.0778, 0.8657, -0.3), (-0.0811, 0.8657, -0.3336), (-0.0909, 0.8657, -0.3659), (-0.1068, 0.8657, -0.3957), (-0.1282, 0.8657, -0.4218), (-0.1543, 0.8657, -0.4432), (-0.1841, 0.8657, -0.4591), (-0.2164, 0.8657, -0.4689), (-0.25, 0.8657, -0.4722), (-0.2836, 0.8657, -0.4689), (-0.3159, 0.8657, -0.4591), (-0.3457, 0.8657, -0.4432), (-0.3718, 0.8657, -0.4218), (-0.3932, 0.8657, -0.3957), (-0.4091, 0.8657, -0.3659), (-0.4189, 0.8657, -0.3336), (-0.4222, 0.8657, -0.3), (-0.4189, 0.8657, -0.2664), (-0.4091, 0.8657, -0.2341), (-0.3932, 0.8657, -0.2043), (-0.3718, 0.8657, -0.1782), (-0.3457, 0.8657, -0.1568), (-0.3159, 0.8657, -0.1409), (-0.2836, 0.8657, -0.1311), (-0.25, 0.8657, -0.1278), (-0.2164, 0.8657, -0.1311), (-0.1841, 0.8657, -0.1409), (-0.1543, 0.8657, -0.1568), (-0.1282, 0.8657, -0.1782), (-0.1068, 0.8657, -0.2043), (-0.0909, 0.8657, -0.2341), (-0.0811, 0.8657, -0.2664), (-0.0778, 0.8657, -0.3), (-0.1622, 0.8914, -0.3), (-0.1639, 0.8914, -0.3171), (-0.1689, 0.8914, -0.3336), (-0.177, 0.8914, -0.3488), (-0.1879, 0.8914, -0.3621), (-0.2012, 0.8914, -0.373), (-0.2164, 0.8914, -0.3811), (-0.2329, 0.8914, -0.3861), (-0.25, 0.8914, -0.3878), (-0.2671, 0.8914, -0.3861), (-0.2836, 0.8914, -0.3811), (-0.2988, 0.8914, -0.373), (-0.3121, 0.8914, -0.3621), (-0.323, 0.8914, -0.3488), (-0.3311, 0.8914, -0.3336), (-0.3361, 0.8914, -0.3171), (-0.3378, 0.8914, -0.3), (-0.3361, 0.8914, -0.2829), (-0.3311, 0.8914, -0.2664), (-0.323, 0.8914, -0.2512), (-0.3121, 0.8914, -0.2379), (-0.2988, 0.8914, -0.227), (-0.2836, 0.8914, -0.2189), (-0.2671, 0.8914, -0.2139), (-0.25, 0.8914, -0.2122), (-0.2329, 0.8914, -0.2139), (-0.2164, 0.8914, -0.2189), (-0.2012, 0.8914, -0.227), (-0.1879, 0.8914, -0.2379), (-0.177, 0.8914, -0.2512), (-0.1689, 0.8914, -0.2664), (-0.1639, 0.8914, -0.2829), (-0.1622, 0.8914, -0.3), (-0.25, 0.9, -0.3), (-0.25, 0.9, -0.3), (-0.25, 0.9, -0.3), (-0.25, 0.9, -0.3), (-0.25, 0.9, -0.3), (-0.25, 0.9, -0.3), (-0.25, 0.9, -0.3), (-0.25, 0.9, -0.3), (-0.25, 0.9, -0.3), (-0.25, 0.9, -0.3), (-0.25, 0.9, -0.3), (-0.25, 0.9, -0.3), (-0.25, 0.9, -0.3), (-0.25, 0.9, -0.3), (-0.25, 0.9, -0.3), (-0.25, 0.9, -0.3), (-0.25, 0.9, -0.3), (-0.25, 0.9, -0.3), (-0.25, 0.9, -0.3), (-0.25, 0.9, -0.3), (-0.25, 0.9, -0.3), (-0.25, 0.9, -0.3), (-0.25, 0.9, -0.3), (-0.25, 0.9, -0.3), (-0.25, 0.9, -0.3), (-0.25, 0.9, -0.3), (-0.25, 0.9, -0.3), (-0.25, 0.9, -0.3), (-0.25, 0.9, -0.3), (-0.25, 0.9, -0.3), (-0.25, 0.9, -0.3), (-0.25, 0.9, -0.3), (-0.25, 0.9, -0.3)]
        texCoord2f[] primvars:st = [(0, 0), (0.0312, 0), (0.0625, 0), (0.0938, 0), (0.125, 0), (0.1562, 0), (0.1875, 0), (0.2188, 0), (0.25, 0), (0.2812, 0), (0.3125, 0), (0.3438, 0), (0.375, 0), (0.4062, 0), (0.4375, 0), (0.4688, 0), (0.5, 0), (0.5312, 0), (0.5625, 0), (0.5938, 0), (0.625, 0), (0.6562, 0), (0.6875, 0), (0.7188, 0), (0.75, 0), (0.7812, 0), (0.8125, 0), (0.8438, 0), (0.875, 0), (0.9062, 0), (0.9375, 0), (0.9688, 0), (1, 0), (0, 0.0625), (0.0312, 0.0625), (0.0625, 0.0625), (0.0938, 0.0625), (0.125, 0.0625), (0.1562, 0.0625), (0.1875, 0.0625), (0.2188, 0.0625), (0.25, 0.0625), (0.2812, 0.0625), (0.3125, 0.0625), (0.3438, 0.0625), (0.375, 0.0625), (0.4062, 0.0625), (0.4375, 0.0625), (0.4688, 0.0625), (0.5, 0.0625), (0.5312, 0.0625), (0.5625, 0.0625), (0.5938, 0.0625), (0.625, 0.0625), (0.6562, 0.0625), (0.6875, 0.0625), (0.7188, 0.0625), (0.75, 0.0625), (0.7812, 0.0625), (0.8125, 0.0625), (0.8438, 0.0625), (0.875, 0.0625), (0.9062, 0.0625), (0.9375, 0.0625), (0.9688, 0.0625), (1, 0.0625), (0, 0.125), (0.0312, 0.125), (0.0625, 0.125), (0.0938, 0.125), (0.125, 0.125), (0.1562, 0.125), (0.1875, 0.125), (0.2188, 0.125), (0.25, 0.125), (0.2812, 0.125), (0.3125, 0.125), (0.3438, 0.125), (0.375, 0.125), (0.4062, 0.125), (0.4375, 0.125), (0.4688, 0.125), (0.5, 0.125), (0.5312, 0.125), (0.5625, 0.125), (0.5938, 0.125), (0.625, 0.125), (0.6562, 0.125), (0.6875, 0.125), (0.7188, 0.125), (0.75, 0.125), (0.7812, 0.125), (0.8125, 0.125), (0.8438, 0.125), (0.875, 0.125), (0.9062, 0.125), (0.9375, 0.125), (0.9688, 0.125), (1, 0.125), (0, 0.1875), (0.0312, 0.1875), (0.0625, 0.1875), (0.0938, 0.1875), (0.125, 0.1875), (0.1562, 0.1875), (0.1875, 0.1875), (0.2188, 0.1875), (0.25, 0.1875), (0.2812, 0.1875), (0.3125, 0.1875), (0.3438, 0.1875), (0.375, 0.1875), (0.4062, 0.1875), (0.4375, 0.1875), (0.4688, 0.1875), (0.5, 0.1875), (0.5312, 0.1875), (0.5625, 0.1875), (0.5938, 0.1875), (0.625, 0.1875), (0.6562, 0.1875), (0.6875, 0.1875), (0.7188, 0.1875), (0.75, 0.1875), (0.7812, 0.1875), (0.8125, 0.1875), (0.8438, 0.1875), (0.875, 0.1875), (0.9062, 0.1875), (0.9375, 0.1875), (0.9688, 0.1875), (1, 0.1875), (0, 0.25), (0.0312, 0.25), (0.0625, 0.25), (0.0938, 0.25), (0.125, 0.25), (0.1562, 0.25), (0.1875, 0.25), (0.2188, 0.25), (0.25, 0.25), (0.2812, 0.25), (0.3125, 0.25), (0.3438, 0.25), (0.375, 0.25), (0.4062, 0.25), (0.4375, 0.25), (0.4688, 0.25), (0.5, 0.25), (0.5312, 0.25), (0.5625, 0.25), (0.5938, 0.25), (0.625, 0.25), (0.6562, 0.25), (0.6875, 0.25), (0.7188, 0.25), (0.75, 0.25), (0.7812, 0.25), (0.8125, 0.25), (0.8438, 0.25), (0.875, 0.25), (0.9062, 0.25), (0.9375, 0.25), (0.9688, 0.25), (1, 0.25), (0, 0.3125), (0.0312, 0.3125), (0.0625, 0.3125), (0.0938, 0.3125), (0.125, 0.3125), (0.1562, 0.3125), (0.1875, 0.3125), (0.2188, 0.3125), (0.25, 0.3125), (0.2812, 0.3125), (0.3125, 0.3125), (0.3438, 0.3125), (0.375, 0.3125), (0.4062, 0.3125), (0.4375, 0.3125), (0.4688, 0.3125), (0.5, 0.3125), (0.5312, 0.3125), (0.5625, 0.3125), (0.5938, 0.3125), (0.625, 0.3125), (0.6562, 0.3125), (0.6875, 0.3125), (0.7188, 0.3125), (0.75, 0.3125), (0.7812, 0.3125), (0.8125, 0.3125), (0.8438, 0.3125), (0.875, 0.3125), (0.9062, 0.3125), (0.9375, 0.3125), (0.9688, 0.3125), (1, 0.3125), (0, 0.375), (0.0312, 0.375), (0.0625, 0.375), (0.0938, 0.375), (0.125, 0.375), (0.1562, 0.375), (0.1875, 0.375), (0.2188, 0.375), (0.25, 0.375), (0.2812, 0.375), (0.3125, 0.375), (0.3438, 0.375), (0.375, 0.375), (0.4062, 0.375), (0.4375, 0.375), (0.4688, 0.375), (0.5, 0.375), (0.5312, 0.375), (0.5625, 0.375), (0.5938, 0.375), (0.625, 0.375), (0.6562, 0.375), (0.6875, 0.375), (0.7188, 0.375), (0.75, 0.375), (0.7812, 0.375), (0.8125, 0.375), (0.8438, 0.375), (0.875, 0.375), (0.9062, 0.375), (0.9375, 0.375), (0.9688, 0.375), (1, 0.375), (0, 0.4375), (0.0312, 0.4375), (0.0625, 0.4375), (0.0938, 0.4375), (0.125, 0.4375), (0.1562, 0.4375), (0.1875, 0.4375), (0.2188, 0.4375), (0.25, 0.4375), (0.2812, 0.4375), (0.3125, 0.4375), (0.3438, 0.4375), (0.375, 0.4375), (0.4062, 0.4375), (0.4375, 0.4375), (0.4688, 0.4375), (0.5, 0.4375), (0.5312, 0.4375), (0.5625, 0.4375), (0.5938, 0.4375), (0.625, 0.4375), (0.6562, 0.4375), (0.6875, 0.4375), (0.7188, 0.4375), (0.75, 0.4375), (0.7812, 0.4375), (0.8125, 0.4375), (0.8438, 0.4375), (0.875, 0.4375), (0.9062, 0.4375), (0.9375, 0.4375), (0.9688, 0.4375), (1, 0.4375), (0, 0.5), (0.0312, 0.5), (0.0625, 0.5), (0.0938, 0.5), (0.125, 0.5), (0.1562, 0.5), (0.1875, 0.5), (0.2188, 0.5), (0.25, 0.5), (0.2812, 0.5), (0.3125, 0.5), (0.3438, 0.5), (0.375, 0.5), (0.4062, 0.5), (0.4375, 0.5), (0.4688, 0.5), (0.5, 0.5), (0.5312, 0.5), (0.5625, 0.5), (0.5938, 0.5), (0.625, 0.5), (0.6562, 0.5), (0.6875, 0.5), (0.7188, 0.5), (0.75, 0.5), (0.7812, 0.5), (0.8125, 0.5), (0.8438, 0.5), (0.875, 0.5), (0.9062, 0.5), (0.9375, 0.5), (0.9688, 0.5), (1, 0.5), (0, 0.5625), (0.0312, 0.5625), (0.0625, 0.5625), (0.0938, 0.5625), (0.125, 0.5625), (0.1562, 0.5625), (0.1875, 0.5625), (0.2188, 0.5625), (0.25, 0.5625), (0.2812, 0.5625), (0.3125, 0.5625), (0.3438, 0.5625), (0.375, 0.5625), (0.4062, 0.5625), (0.4375, 0.5625), (0.4688, 0.5625), (0.5, 0.5625), (0.5312, 0.5625), (0.5625, 0.5625), (0.5938, 0.5625), (0.625, 0.5625), (0.6562, 0.5625), (0.6875, 0.5625), (0.7188, 0.5625), (0.75, 0.5625), (0.7812, 0.5625), (0.8125, 0.5625), (0.8438, 0.5625), (0.875, 0.5625), (0.9062, 0.5625), (0.9375, 0.5625), (0.9688, 0.5625), (1, 0.5625), (0, 0.625), (0.0312, 0.625), (0.0625, 0.625), (0.0938, 0.625), (0.125, 0.625), (0.1562, 0.625), (0.1875, 0.625), (0.2188, 0.625), (0.25, 0.625), (0.2812, 0.625), (0.3125, 0.625), (0.3438, 0.625), (0.375, 0.625), (0.4062, 0.625), (0.4375, 0.625), (0.4688, 0.625), (0.5, 0.625), (0.5312, 0.625), (0.5625, 0.625), (0.5938, 0.625), (0.625, 0.625), (0.6562, 0.625), (0.6875, 0.625), (0.7188, 0.625), (0.75, 0.625), (0.7812, 0.625), (0.8125, 0.625), (0.8438, 0.625), (0.875, 0.625), (0.9062, 0.625), (0.9375, 0.625), (0.9688, 0.625), (1, 0.625), (0, 0.6875), (0.0312, 0.6875), (0.0625, 0.6875), (0.0938, 0.6875), (0.125, 0.6875), (0.1562, 0.6875), (0.1875, 0.6875), (0.2188, 0.6875), (0.25, 0.6875), (0.2812, 0.6875), (0.3125, 0.6875), (0.3438, 0.6875), (0.375, 0.6875), (0.4062, 0.6875), (0.4375, 0.6875), (0.4688, 0.6875), (0.5, 0.6875), (0.5312, 0.6875), (0.5625, 0.6875), (0.5938, 0.6875), (0.625, 0.6875), (0.6562, 0.6875), (0.6875, 0.6875), (0.7188, 0.6875), (0.75, 0.6875), (0.7812, 0.6875), (0.8125, 0.6875), (0.8438, 0.6875), (0.875, 0.6875), (0.9062, 0.6875), (0.9375, 0.6875), (0.9688, 0.6875), (1, 0.6875), (0, 0.75), (0.0312, 0.75), (0.0625, 0.75), (0.0938, 0.75), (0.125, 0.75), (0.1562, 0.75), (0.1875, 0.75), (0.2188, 0.75), (0.25, 0.75), (0.2812, 0.75), (0.3125, 0.75), (0.3438, 0.75), (0.375, 0.75), (0.4062, 0.75), (0.4375, 0.75), (0.4688, 0.75), (0.5, 0.75), (0.5312, 0.75), (0.5625, 0.75), (0.5938, 0.75), (0.625, 0.75), (0.6562, 0.75), (0.6875, 0.75), (0.7188, 0.75), (0.75, 0.75), (0.7812, 0.75), (0.8125, 0.75), (0.8438, 0.75), (0.875, 0.75), (0.9062, 0.75), (0.9375, 0.75), (0.9688, 0.75), (1, 0.75), (0, 0.8125), (0.0312, 0.8125), (0.0625, 0.8125), (0.0938, 0.8125), (0.125, 0.8125), (0.1562, 0.8125), (0.1875, 0.8125), (0.2188, 0.8125), (0.25, 0.8125), (0.2812, 0.8125), (0.3125, 0.8125), (0.3438, 0.8125), (0.375, 0.8125), (0.4062, 0.8125), (0.4375, 0.8125), (0.4688, 0.8125), (0.5, 0.8125), (0.5312, 0.8125), (0.5625, 0.8125), (0.5938, 0.8125), (0.625, 0.8125), (0.6562, 0.8125), (0.6875, 0.8125), (0.7188, 0.8125), (0.75, 0.8125), (0.7812, 0.8125), (0.8125, 0.8125), (0.8438, 0.8125), (0.875, 0.8125), (0.9062, 0.8125), (0.9375, 0.8125), (0.9688, 0.8125), (1, 0.8125), (0, 0.875), (0.0312, 0.875), (0.0625, 0.875), (0.0938, 0.875), (0.125, 0.875), (0.1562, 0.875), (0.1875, 0.875), (0.2188, 0.875), (0.25, 0.875), (0.2812, 0.875), (0.3125, 0.875), (0.3438, 0.875), (0.375, 0.875), (0.4062, 0.875), (0.4375, 0.875), (0.4688, 0.875), (0.5, 0.875), (0.5312, 0.875), (0.5625, 0.875), (0.5938, 0.875), (0.625, 0.875), (0.6562, 0.875), (0.6875, 0.875), (0.7188, 0.875), (0.75, 0.875), (0.7812, 0.875), (0.8125, 0.875), (0.8438, 0.875), (0.875, 0.875), (0.9062, 0.875), (0.9375, 0.875), (0.9688, 0.875), (1, 0.875), (0, 0.9375), (0.0312, 0.9375), (0.0625, 0.9375), (0.0938, 0.9375), (0.125, 0.9375), (0.1562, 0.9375), (0.1875, 0.9375), (0.2188, 0.9375), (0.25, 0.9375), (0.2812, 0.9375), (0.3125, 0.9375), (0.3438, 0.9375), (0.375, 0.9375), (0.4062, 0.9375), (0.4375, 0.9375), (0.4688, 0.9375), (0.5, 0.9375), (0.5312, 0.9375), (0.5625, 0.9375), (0.5938, 0.9375), (0.625, 0.9375), (0.6562, 0.9375), (0.6875, 0.9375), (0.7188, 0.9375), (0.75, 0.9375), (0.7812, 0.9375), (0.8125, 0.9375), (0.8438, 0.9375), (0.875, 0.9375), (0.9062, 0.9375), (0.9375, 0.9375), (0.9688, 0.9375), (1, 0.9375), (0, 1), (0.0312, 1), (0.0625, 1), (0.0938, 1), (0.125, 1), (0.1562, 1), (0.1875, 1), (0.2188, 1), (0.25, 1), (0.2812, 1), (0.3125, 1), (0.3438, 1), (0.375, 1), (0.4062, 1), (0.4375, 1), (0.4688, 1), (0.5, 1), (0.5312, 1), (0.5625, 1), (0.5938, 1), (0.625, 1), (0.6562, 1), (0.6875, 1), (0.7188, 1), (0.75, 1), (0.7812, 1), (0.8125, 1), (0.8438, 1), (0.875, 1), (0.9062, 1), (0.9375, 1), (0.9688, 1), (1, 1)] (
            interpolation = "vertex"
        )
        uniform token subdivisionScheme = "none"
    }

    def Mesh "bead" (
        prepend apiSchemas = ["MaterialBindingAPI"]
    )
    {
        int[] faceVertexCounts = [4, 4, 4, 4, 4, 4, 4, 4, 4, 4, 4, 4, 4, 4, 4, 4, 4, 4, 4, 4, 4, 4, 4, 4, 4, 4, 4, 4, 4, 4, 4, 4, 4, 4, 4, 4, 4, 4, 4, 4, 4, 4, 4, 4, 4, 4, 4, 4, 4, 4, 4, 4, 4, 4, 4, 4, 4, 4, 4, 4, 4, 4, 4, 4, 4, 4, 4, 4, 4, 4, 4, 4, 4, 4, 4, 4, 4, 4, 4, 4, 4, 4, 4, 4, 4, 4, 4, 4, 4, 4, 4, 4, 4, 4, 4, 4, 4, 4, 4, 4, 4, 4, 4, 4, 4, 4, 4, 4, 4, 4, 4, 4, 4, 4, 4, 4, 4, 4, 4, 4, 4, 4, 4, 4, 4, 4, 4, 4, 4, 4, 4, 4, 4, 4, 4, 4, 4, 4, 4, 4, 4, 4, 4, 4, 4, 4, 4, 4, 4, 4, 4, 4, 4, 4, 4, 4, 4, 4, 4, 4, 4, 4, 4, 4, 4, 4, 4, 4, 4, 4, 4, 4, 4, 4, 4, 4, 4, 4, 4, 4, 4, 4, 4, 4, 4, 4, 4, 4, 4, 4, 4, 4, 4, 4, 4, 4, 4, 4, 4, 4, 4, 4, 4, 4, 4, 4, 4, 4, 4, 4, 4, 4, 4, 4, 4, 4, 4, 4, 4, 4, 4, 4, 4, 4, 4, 4, 4, 4, 4, 4, 4, 4, 4, 4, 4, 4, 4, 4, 4, 4, 4, 4, 4, 4, 4, 4, 4, 4, 4, 4, 4, 4, 4, 4, 4, 4, 4, 4, 4, 4, 4, 4, 4, 4, 4, 4, 4, 4, 4, 4, 4, 4, 4, 4, 4, 4, 4, 4, 4, 4, 4, 4, 4, 4, 4, 4, 4, 4, 4, 4, 4, 4, 4, 4, 4, 4, 4, 4, 4, 4, 4, 4, 4, 4, 4, 4, 4, 4, 4, 4, 4, 4, 4, 4, 4, 4, 4, 4, 4, 4, 4, 4, 4, 4, 4, 4, 4, 4, 4, 4, 4, 4, 4, 4, 4, 4, 4, 4, 4, 4, 4, 4, 4, 4, 4, 4, 4, 4, 4, 4, 4, 4, 4, 4, 4, 4, 4, 4, 4, 4, 4, 4, 4, 4, 4, 4, 4, 4, 4, 4, 4, 4, 4, 4, 4, 4, 4, 4, 4, 4, 4, 4, 4, 4, 4, 4, 4, 4, 4, 4, 4, 4, 4, 4, 4, 4, 4, 4, 4, 4, 4, 4, 4, 4, 4, 4, 4, 4, 4, 4, 4, 4, 4, 4, 4, 4, 4, 4, 4, 4, 4, 4, 4, 4, 4, 4, 4, 4, 4, 4, 4, 4, 4, 4, 4, 4, 4, 4, 4, 4, 4, 4, 4, 4, 4, 4, 4, 4, 4, 4, 4, 4, 4, 4, 4, 4, 4, 4, 4, 4, 4, 4, 4, 4, 4, 4, 4, 4, 4, 4, 4, 4, 4, 4, 4, 4, 4, 4, 4, 4, 4, 4, 4, 4, 4, 4, 4, 4, 4, 4, 4, 4, 4, 4, 4, 4, 4, 4, 4, 4, 4, 4, 4, 4, 4, 4, 4, 4, 4, 4, 4, 4]
        int[] faceVertexIndices = [0, 1, 34, 33, 1, 2, 35, 34, 2, 3, 36, 35, 3, 4, 37, 36, 4, 5, 38, 37, 5, 6, 39, 38, 6, 7, 40, 39, 7, 8, 41, 40, 8, 9, 42, 41, 9, 10, 43, 42, 10, 11, 44, 43, 11, 12, 45, 44, 12, 13, 46, 45, 13, 14, 47, 46, 14, 15, 48, 47, 15, 16, 49, 48, 16, 17, 50, 49, 17, 18, 51, 50, 18, 19, 52, 51, 19, 20, 53, 52, 20, 21, 54, 53, 21, 22, 55, 54, 22, 23, 56, 55, 23, 24, 57, 56, 24, 25, 58, 57, 25, 26, 59, 58, 26, 27, 60, 59, 27, 28, 61, 60, 28, 29, 62, 61, 29, 30, 63, 62, 30, 31, 64, 63, 31, 32, 65, 64, 33, 34, 67, 66, 34, 35, 68, 67, 35, 36, 69, 68, 36, 37, 70, 69, 37, 38, 71, 70, 38, 39, 72, 71, 39, 40, 73, 72, 40, 41, 74, 73, 41, 42, 75, 74, 42, 43, 76, 75, 43, 44, 77, 76, 44, 45, 78, 77, 45, 46, 79, 78, 46, 47, 80, 79, 47, 48, 81, 80, 48, 49, 82, 81, 49, 50, 83, 82, 50, 51, 84, 83, 51, 52, 85, 84, 52, 53, 86, 85, 53, 54, 87, 86, 54, 55, 88, 87, 55, 56, 89, 88, 56, 57, 90, 89, 57, 58, 91, 90, 58, 59, 92, 91, 59, 60, 93, 92, 60, 61, 94, 93, 61, 62, 95, 94, 62, 63, 96, 95, 63, 64, 97, 96, 64, 65, 98, 97, 66, 67, 100, 99, 67, 68, 101, 100, 68, 69, 102, 101, 69, 70, 103, 102, 70, 71, 104, 103, 71, 72, 105, 104, 72, 73, 106, 105, 73, 74, 107, 106, 74, 75, 108, 107, 75, 76, 109, 108, 76, 77, 110, 109, 77, 78, 111, 110, 78, 79, 112, 111, 79, 80, 113, 112, 80, 81, 114, 113, 81, 82, 115, 114, 82, 83, 116, 115, 83, 84, 117, 116, 84, 85, 118, 117, 85, 86, 119, 118, 86, 87, 120, 119, 87, 88, 121, 120, 88, 89, 122, 121, 89, 90, 123, 122, 90, 91, 124, 123, 91, 92, 125, 124, 92, 93, 126, 125, 93, 94, 127, 126, 94, 95, 128, 127, 95, 96, 129, 128, 96, 97, 130, 129, 97, 98, 131, 130, 99, 100, 133, 132, 100, 101, 134, 133, 101, 102, 135, 134, 102, 103, 136, 135, 103, 104, 137, 136, 104, 105, 138, 137, 105, 106, 139, 138, 106, 107, 140, 139, 107, 108, 141, 140, 108, 109, 142, 141, 109, 110, 143, 142, 110, 111, 144, 143, 111, 112, 145, 144, 112, 113, 146, 145, 113, 114, 147, 146, 114, 115, 148, 147, 115, 116, 149, 148, 116, 117, 150, 149, 117, 118, 151, 150, 118, 119, 152, 151, 119, 120, 153, 152, 120, 121, 154, 153, 121, 122, 155, 154, 122, 123, 156, 155, 123, 124, 157, 156, 124, 125, 158, 157, 125, 126, 159, 158, 126, 127, 160, 159, 127, 128, 161, 160, 128, 129, 162, 161, 129, 130, 163, 162, 130, 131, 164, 163, 132, 133, 166, 165, 133, 134, 167, 166, 134, 135, 168, 167, 135, 136, 169, 168, 136, 137, 170, 169, 137, 138, 171, 170, 138, 139, 172, 171, 139, 140, 173, 172, 140, 141, 174, 173, 141, 142, 175, 174, 142, 143, 176, 175, 143, 144, 177, 176, 144, 145, 178, 177, 145, 146, 179, 178, 146, 147, 180, 179, 147, 148, 181, 180, 148, 149, 182, 181, 149, 150, 183, 182, 150, 151, 184, 183, 151, 152, 185, 184, 152, 153, 186, 185, 153, 154, 187, 186, 154, 155, 188, 187, 155, 156, 189, 188, 156, 157, 190, 189, 157, 158, 191, 190, 158, 159, 192, 191, 159, 160, 193, 192, 160, 161, 194, 193, 161, 162, 195, 194, 162, 163, 196, 195, 163, 164, 197, 196, 165, 166, 199, 198, 166, 167, 200, 199, 167, 168, 201, 200, 168, 169, 202, 201, 169, 170, 203, 202, 170, 171, 204, 203, 171, 172, 205, 204, 172, 173, 206, 205, 173, 174, 207, 206, 174, 175, 208, 207, 175, 176, 209, 208, 176, 177, 210, 209, 177, 178, 211, 210, 178, 179, 212, 211, 179, 180, 213, 212, 180, 181, 214, 213, 181, 182, 215, 214, 182, 183, 216, 215, 183, 184, 217, 216, 184, 185, 218, 217, 185, 186, 219, 218, 186, 187, 220, 219, 187, 188, 221, 220, 188, 189, 222, 221, 189, 190, 223, 222, 190, 191, 224, 223, 191, 192, 225, 224, 192, 193, 226, 225, 193, 194, 227, 226, 194, 195, 228, 227, 195, 196, 229, 228, 196, 197, 230, 229, 198, 199, 232, 231, 199, 200, 233, 232, 200, 201, 234, 233, 201, 202, 235, 234, 202, 203, 236, 235, 203, 204, 237, 236, 204, 205, 238, 237, 205, 206, 239, 238, 206, 207, 240, 239, 207, 208, 241, 240, 208, 209, 242, 241, 209, 210, 243, 242, 210, 211, 244, 243, 211, 212, 245, 244, 212, 213, 246, 245, 213, 214, 247, 246, 214, 215, 248, 247, 215, 216, 249, 248, 216, 217, 250, 249, 217, 218, 251, 250, 218, 219, 252, 251, 219, 220, 253, 252, 220, 221, 254, 253, 221, 222, 255, 254, 222, 223, 256, 255, 223, 224, 257, 256, 224, 225, 258, 257, 225, 226, 259, 258, 226, 227, 260, 259, 227, 228, 261, 260, 228, 229, 262, 261, 229, 230, 263, 262, 231, 232, 265, 264, 232, 233, 266, 265, 233, 234, 267, 266, 234, 235, 268, 267, 235, 236, 269, 268, 236, 237, 270, 269, 237, 238, 271, 270, 238, 239, 272, 271, 239, 240, 273, 272, 240, 241, 274, 273, 241, 242, 275, 274, 242, 243, 276, 275, 243, 244, 277, 276, 244, 245, 278, 277, 245, 246, 279, 278, 246, 247, 280, 279, 247, 248, 281, 280, 248, 249, 282, 281, 249, 250, 283, 282, 250, 251, 284, 283, 251, 252, 285, 284, 252, 253, 286, 285, 253, 254, 287, 286, 254, 255, 288, 287, 255, 256, 289, 288, 256, 257, 290, 289, 257, 258, 291, 290, 258, 259, 292, 291, 259, 260, 293, 292, 260, 261, 294, 293, 261, 262, 295, 294, 262, 263, 296, 295, 264, 265, 298, 297, 265, 266, 299, 298, 266, 267, 300, 299, 267, 268, 301, 300, 268, 269, 302, 301, 269, 270, 303, 302, 270, 271, 304, 303, 271, 272, 305, 304, 272, 273, 306, 305, 273, 274, 307, 306, 274, 275, 308, 307, 275, 276, 309, 308, 276, 277, 310, 309, 277, 278, 311, 310, 278, 279, 312, 311, 279, 280, 313, 312, 280, 281, 314, 313, 281, 282, 315, 314, 282, 283, 316, 315, 283, 284, 317, 316, 284, 285, 318, 317, 285, 286, 319, 318, 286, 287, 320, 319, 287, 288, 321, 320, 288, 289, 322, 321, 289, 290, 323, 322, 290, 291, 324, 323, 291, 292, 325, 324, 292, 293, 326, 325, 293, 294, 327, 326, 294, 295, 328, 327, 295, 296, 329, 328, 297, 298, 331, 330, 298, 299, 332, 331, 299, 300, 333, 332, 300, 301, 334, 333, 301, 302, 335, 334, 302, 303, 336, 335, 303, 304, 337, 336, 304, 305, 338, 337, 305, 306, 339, 338, 306, 307, 340, 339, 307, 308, 341, 340, 308, 309, 342, 341, 309, 310, 343, 342, 310, 311, 344, 343, 311, 312, 345, 344, 312, 313, 346, 345, 313, 314, 347, 346, 314, 315, 348, 347, 315, 316, 349, 348, 316, 317, 350, 349, 317, 318, 351, 350, 318, 319, 352, 351, 319, 320, 353, 352, 320, 321, 354, 353, 321, 322, 355, 354, 322, 323, 356, 355, 323, 324, 357, 356, 324, 325, 358, 357, 325, 326, 359, 358, 326, 327, 360, 359, 327, 328, 361, 360, 328, 329, 362, 361, 330, 331, 364, 363, 331, 332, 365, 364, 332, 333, 366, 365, 333, 334, 367, 366, 334, 335, 368, 367, 335, 336, 369, 368, 336, 337, 370, 369, 337, 338, 371, 370, 338, 339, 372, 371, 339, 340, 373, 372, 340, 341, 374, 373, 341, 342, 375, 374, 342, 343, 376, 375, 343, 344, 377, 376, 344, 345, 378, 377, 345, 346, 379, 378, 346, 347, 380, 379, 347, 348, 381, 380, 348, 349, 382, 381, 349, 350, 383, 382, 350, 351, 384, 383, 351, 352, 385, 384, 352, 353, 386, 385, 353, 354, 387, 386, 354, 355, 388, 387, 355, 356, 389, 388, 356, 357, 390, 389, 357, 358, 391, 390, 358, 359, 392, 391, 359, 360, 393, 392, 360, 361, 394, 393, 361, 362, 395, 394, 363, 364, 397, 396, 364, 365, 398, 397, 365, 366, 399, 398, 366, 367, 400, 399, 367, 368, 401, 400, 368, 369, 402, 401, 369, 370, 403, 402, 370, 371, 404, 403, 371, 372, 405, 404, 372, 373, 406, 405, 373, 374, 407, 406, 374, 375, 408, 407, 375, 376, 409, 408, 376, 377, 410, 409, 377, 378, 411, 410, 378, 379, 412, 411, 379, 380, 413, 412, 380, 381, 414, 413, 381, 382, 415, 414, 382, 383, 416, 415, 383, 384, 417, 416, 384, 385, 418, 417, 385, 386, 419, 418, 386, 387, 420, 419, 387, 388, 421, 420, 388, 389, 422, 421, 389, 390, 423, 422, 390, 391, 424, 423, 391, 392, 425, 424, 392, 393, 426, 425, 393, 394, 427, 426, 394, 395, 428, 427, 396, 397, 430, 429, 397, 398, 431, 430, 398, 399, 432, 431, 399, 400, 433, 432, 400, 401, 434, 433, 401, 402, 435, 434, 402, 403, 436, 435, 403, 404, 437, 436, 404, 405, 438, 437, 405, 406, 439, 438, 406, 407, 440, 439, 407, 408, 441, 440, 408, 409, 442, 441, 409, 410, 443, 442, 410, 411, 444, 443, 411, 412, 445, 444, 412, 413, 446, 445, 413, 414, 447, 446, 414, 415, 448, 447, 415, 416, 449, 448, 416, 417, 450, 449, 417, 418, 451, 450, 418, 419, 452, 451, 419, 420, 453, 452, 420, 421, 454, 453, 421, 422, 455, 454, 422, 423, 456, 455, 423, 424, 457, 456, 424, 425, 458, 457, 425, 426, 459, 458, 426, 427, 460, 459, 427, 428, 461, 460, 429, 430, 463, 462, 430, 431, 464, 463, 431, 432, 465, 464, 432, 433, 466, 465, 433, 434, 467, 466, 434, 435, 468, 467, 435, 436, 469, 468, 436, 437, 470, 469, 437, 438, 471, 470, 438, 439, 472, 471, 439, 440, 473, 472, 440, 441, 474, 473, 441, 442, 475, 474, 442, 443, 476, 475, 443, 444, 477, 476, 444, 445, 478, 477, 445, 446, 479, 478, 446, 447, 480, 479, 447, 448, 481, 480, 448, 449, 482, 481, 449, 450, 483, 482, 450, 451, 484, 483, 451, 452, 485, 484, 452, 453, 486, 485, 453, 454, 487, 486, 454, 455, 488, 487, 455, 456, 489, 488, 456, 457, 490, 489, 457, 458, 491, 490, 458, 459, 492, 491, 459, 460, 493, 492, 460, 461, 494, 493, 462, 463, 496, 495, 463, 464, 497, 496, 464, 465, 498, 497, 465, 466, 499, 498, 466, 467, 500, 499, 467, 468, 501, 500, 468, 469, 502, 501, 469, 470, 503, 502, 470, 471, 504, 503, 471, 472, 505, 504, 472, 473, 506, 505, 473, 474, 507, 506, 474, 475, 508, 507, 475, 476, 509, 508, 476, 477, 510, 509, 477, 478, 511, 510, 478, 479, 512, 511, 479, 480, 513, 512, 480, 481, 514, 513, 481, 482, 515, 514, 482, 483, 516, 515, 483, 484, 517, 516, 484, 485, 518, 517, 485, 486, 519, 518, 486, 487, 520, 519, 487, 488, 521, 520, 488, 489, 522, 521, 489, 490, 523, 522, 490, 491, 524, 523, 491, 492, 525, 524, 492, 493, 526, 525, 493, 494, 527, 526, 495, 496, 529, 528, 496, 497, 530, 529, 497, 498, 531, 530, 498, 499, 532, 531, 499, 500, 533, 532, 500, 501, 534, 533, 501, 502, 535, 534, 502, 503, 536, 535, 503, 504, 537, 536, 504, 505, 538, 537, 505, 506, 539, 538, 506, 507, 540, 539, 507, 508, 541, 540, 508, 509, 542, 541, 509, 510, 543, 542, 510, 511, 544, 543, 511, 512, 545, 544, 512, 513, 546, 545, 513, 514, 547, 546, 514, 515, 548, 547, 515, 516, 549, 548, 516, 517, 550, 549, 517, 518, 551, 550, 518, 519, 552, 551, 519, 520, 553, 552, 520, 521, 554, 553, 521, 522, 555, 554, 522, 523, 556, 555, 523, 524, 557, 556, 524, 525, 558, 557, 525, 526, 559, 558, 526, 527, 560, 559]
        rel material:binding = </World/Looks/RedMetal>
        normal3f[] normals = [(0, -1, -0), (0, -1, -0), (0, -1, -0), (0, -1, -0), (0, -1, -0), (0, -1, -0), (0, -1, -0), (0, -1, -0), (0, -1, -0), (-0, -1, -0), (-0, -1, -0), (-0, -1, -0), (-0, -1, -0), (-0, -1, -0), (-0, -1, -0), (-0, -1, -0), (-0, -1, -0), (-0, -1, 0), (-0, -1, 0), (-0, -1, 0), (-0, -1, 0), (-0, -1, 0), (-0, -1, 0), (-0, -1, 0), (-0, -1, 0), (0, -1, 0), (0, -1, 0), (0, -1, 0), (0, -1, 0), (0, -1, 0), (0, -1, 0), (0, -1, 0), (0, -1, 0), (0.1951, -0.9808, -0), (0.1913, -0.9808, -0.0381), (0.1802, -0.9808, -0.0747), (0.1622, -0.9808, -0.1084), (0.1379, -0.9808, -0.1379), (0.1084, -0.9808, -0.1622), (0.0747, -0.9808, -0.1802), (0.0381, -0.9808, -0.1913), (0, -0.9808, -0.1951), (-0.0381, -0.9808, -0.1913), (-0.0747, -0.9808, -0.1802), (-0.1084, -0.9808, -0.1622), (-0.1379, -0.9808, -0.1379), (-0.1622, -0.9808, -0.1084), (-0.1802, -0.9808, -0.0747), (-0.1913, -0.9808, -0.0381), (-0.1951, -0.9808, -0), (-0.1913, -0.9808, 0.0381), (-0.1802, -0.9808, 0.0747), (-0.1622, -0.9808, 0.1084), (-0.1379, -0.9808, 0.1379), (-0.1084, -0.9808, 0.1622), (-0.0747, -0.9808, 0.1802), (-0.0381, -0.9808, 0.1913), (-0, -0.9808, 0.1951), (0.0381, -0.9808, 0.1913), (0.0747, -0.9808, 0.1802), (0.1084, -0.9808, 0.1622), (0.1379, -0.9808, 0.1379), (0.1622, -0.9808, 0.1084), (0.1802, -0.9808, 0.0747), (0.1913, -0.9808, 0.0381), (0.1951, -0.9808, 0), (0.3827, -0.9239, -0), (0.3753, -0.9239, -0.0747), (0.3536, -0.9239, -0.1464), (0.3182, -0.9239, -0.2126), (0.2706, -0.9239, -0.2706), (0.2126, -0.9239, -0.3182), (0.1464, -0.9239, -0.3536), (0.0747, -0.9239, -0.3753), (0, -0.9239, -0.3827), (-0.0747, -0.9239, -0.3753), (-0.1464, -0.9239, -0.3536), (-0.2126, -0.9239, -0.3182), (-0.2706, -0.9239, -0.2706), (-0.3182, -0.9239, -0.2126), (-0.3536, -0.9239, -0.1464), (-0.3753, -0.9239, -0.0747), (-0.3827, -0.9239, -0), (-0.3753, -0.9239, 0.0747), (-0.3536, -0.9239, 0.1464), (-0.3182, -0.9239, 0.2126), (-0.2706, -0.9239, 0.2706), (-0.2126, -0.9239, 0.3182), (-0.1464, -0.9239, 0.3536), (-0.0747, -0.9239, 0.3753), (-0, -0.9239, 0.3827), (0.0747, -0.9239, 0.3753), (0.1464, -0.9239, 0.3536), (0.2126, -0.9239, 0.3182), (0.2706, -0.9239, 0.2706), (0.3182, -0.9239, 0.2126), (0.3536, -0.9239, 0.1464), (0.3753, -0.9239, 0.0747), (0.3827, -0.9239, 0), (0.5556, -0.8315, -0), (0.5449, -0.8315, -0.1084), (0.5133, -0.8315, -0.2126), (0.4619, -0.8315, -0.3087), (0.3928, -0.8315, -0.3928), (0.3087, -0.8315, -0.4619), (0.2126, -0.8315, -0.5133), (0.1084, -0.8315, -0.5449), (0, -0.8315, -0.5556), (-0.1084, -0.8315, -0.5449), (-0.2126, -0.8315, -0.5133), (-0.3087, -0.8315, -0.4619), (-0.3928, -0.8315, -0.3928), (-0.4619, -0.8315, -0.3087), (-0.5133, -0.8315, -0.2126), (-0.5449, -0.8315, -0.1084), (-0.5556, -0.8315, -0), (-0.5449, -0.8315, 0.1084), (-0.5133, -0.8315, 0.2126), (-0.4619, -0.8315, 0.3087), (-0.3928, -0.8315, 0.3928), (-0.3087, -0.8315, 0.4619), (-0.2126, -0.8315, 0.5133), (-0.1084, -0.8315, 0.5449), (-0, -0.8315, 0.5556), (0.1084, -0.8315, 0.5449), (0.2126, -0.8315, 0.5133), (0.3087, -0.8315, 0.4619), (0.3928, -0.8315, 0.3928), (0.4619, -0.8315, 0.3087), (0.5133, -0.8315, 0.2126), (0.5449, -0.8315, 0.1084), (0.5556, -0.8315, 0), (0.7071, -0.7071, -0), (0.6935, -0.7071, -0.1379), (0.6533, -0.7071, -0.2706), (0.5879, -0.7071, -0.3928), (0.5, -0.7071, -0.5), (0.3928, -0.7071, -0.5879), (0.2706, -0.7071, -0.6533), (0.1379, -0.7071, -0.6935), (0, -0.7071, -0.7071), (-0.1379, -0.7071, -0.6935), (-0.2706, -0.7071, -0.6533), (-0.3928, -0.7071, -0.5879), (-0.5, -0.7071, -0.5), (-0.5879, -0.7071, -0.3928), (-0.6533, -0.7071, -0.2706), (-0.6935, -0.7071, -0.1379), (-0.7071, -0.7071, -0), (-0.6935, -0.7071, 0.1379), (-0.6533, -0.7071, 0.2706), (-0.5879, -0.7071, 0.3928), (-0.5, -0.7071, 0.5), (-0.3928, -0.7071, 0.5879), (-0.2706, -0.7071, 0.6533), (-0.1379, -0.7071, 0.6935), (-0, -0.7071, 0.7071), (0.1379, -0.7071, 0.6935), (0.2706, -0.7071, 0.6533), (0.3928, -0.7071, 0.5879), (0.5, -0.7071, 0.5), (0.5879, -0.7071, 0.3928), (0.6533, -0.7071, 0.2706), (0.6935, -0.7071, 0.1379), (0.7071, -0.7071, 0), (0.8315, -0.5556, -0), (0.8155, -0.5556, -0.1622), (0.7682, -0.5556, -0.3182), (0.6913, -0.5556, -0.4619), (0.5879, -0.5556, -0.5879), (0.4619, -0.5556, -0.6913), (0.3182, -0.5556, -0.7682), (0.1622, -0.5556, -0.8155), (0, -0.5556, -0.8315), (-0.1622, -0.5556, -0.8155), (-0.3182, -0.5556, -0.7682), (-0.4619, -0.5556, -0.6913), (-0.5879, -0.5556, -0.5879), (-0.6913, -0.5556, -0.4619), (-0.7682, -0.5556, -0.3182), (-0.8155, -0.5556, -0.1622), (-0.8315, -0.5556, -0), (-0.8155, -0.5556, 0.1622), (-0.7682, -0.5556, 0.3182), (-0.6913, -0.5556, 0.4619), (-0.5879, -0.5556, 0.5879), (-0.4619, -0.5556, 0.6913), (-0.3182, -0.5556, 0.7682), (-0.1622, -0.5556, 0.8155), (-0, -0.5556, 0.8315), (0.1622, -0.5556, 0.8155), (0.3182, -0.5556, 0.7682), (0.4619, -0.5556, 0.6913), (0.5879, -0.5556, 0.5879), (0.6913, -0.5556, 0.4619), (0.7682, -0.5556, 0.3182), (0.8155, -0.5556, 0.1622), (0.8315, -0.5556, 0), (0.9239, -0.3827, -0), (0.9061, -0.3827, -0.1802), (0.8536, -0.3827, -0.3536), (0.7682, -0.3827, -0.5133), (0.6533, -0.3827, -0.6533), (0.5133, -0.3827, -0.7682), (0.3536, -0.3827, -0.8536), (0.1802, -0.3827, -0.9061), (0, -0.3827, -0.9239), (-0.1802, -0.3827, -0.9061), (-0.3536, -0.3827, -0.8536), (-0.5133, -0.3827, -0.7682), (-0.6533, -0.3827, -0.6533), (-0.7682, -0.3827, -0.5133), (-0.8536, -0.3827, -0.3536), (-0.9061, -0.3827, -0.1802), (-0.9239, -0.3827, -0), (-0.9061, -0.3827, 0.1802), (-0.8536, -0.3827, 0.3536), (-0.7682, -0.3827, 0.5133), (-0.6533, -0.3827, 0.6533), (-0.5133, -0.3827, 0.7682), (-0.3536, -0.3827, 0.8536), (-0.1802, -0.3827, 0.9061), (-0, -0.3827, 0.9239), (0.1802, -0.3827, 0.9061), (0.3536, -0.3827, 0.8536), (0.5133, -0.3827, 0.7682), (0.6533, -0.3827, 0.6533), (0.7682, -0.3827, 0.5133), (0.8536, -0.3827, 0.3536), (0.9061, -0.3827, 0.1802), (0.9239, -0.3827, 0), (0.9808, -0.1951, -0), (0.9619, -0.1951, -0.1913), (0.9061, -0.1951, -0.3753), (0.8155, -0.1951, -0.5449), (0.6935, -0.1951, -0.6935), (0.5449, -0.1951, -0.8155), (0.3753, -0.1951, -0.9061), (0.1913, -0.1951, -0.9619), (0, -0.1951, -0.9808), (-0.1913, -0.1951, -0.9619), (-0.3753, -0.1951, -0.9061), (-0.5449, -0.1951, -0.8155), (-0.6935, -0.1951, -0.6935), (-0.8155, -0.1951, -0.5449), (-0.9061, -0.1951, -0.3753), (-0.9619, -0.1951, -0.1913), (-0.9808, -0.1951, -0), (-0.9619, -0.1951, 0.1913), (-0.9061, -0.1951, 0.3753), (-0.8155, -0.1951, 0.5449), (-0.6935, -0.1951, 0.6935), (-0.5449, -0.1951, 0.8155), (-0.3753, -0.1951, 0.9061), (-0.1913, -0.1951, 0.9619), (-0, -0.1951, 0.9808), (0.1913, -0.1951, 0.9619), (0.3753, -0.1951, 0.9061), (0.5449, -0.1951, 0.8155), (0.6935, -0.1951, 0.6935), (0.8155, -0.1951, 0.5449), (0.9061, -0.1951, 0.3753), (0.9619, -0.1951, 0.1913), (0.9808, -0.1951, 0), (1, 0, -0), (0.9808, 0, -0.1951), (0.9239, 0, -0.3827), (0.8315, 0, -0.5556), (0.7071, 0, -0.7071), (0.5556, 0, -0.8315), (0.3827, 0, -0.9239), (0.1951, 0, -0.9808), (0, 0, -1), (-0.1951, 0, -0.9808), (-0.3827, 0, -0.9239), (-0.5556, 0, -0.8315), (-0.7071, 0, -0.7071), (-0.8315, 0, -0.5556), (-0.9239, 0, -0.3827), (-0.9808, 0, -0.1951), (-1, 0, -0), (-0.9808, 0, 0.1951), (-0.9239, 0, 0.3827), (-0.8315, 0, 0.5556), (-0.7071, 0, 0.7071), (-0.5556, 0, 0.8315), (-0.3827, 0, 0.9239), (-0.1951, 0, 0.9808), (-0, 0, 1), (0.1951, 0, 0.9808), (0.3827, 0, 0.9239), (0.5556, 0, 0.8315), (0.7071, 0, 0.7071), (0.8315, 0, 0.5556), (0.9239, 0, 0.3827), (0.9808, 0, 0.1951), (1, 0, 0), (0.9808, 0.1951, -0), (0.9619, 0.1951, -0.1913), (0.9061, 0.1951, -0.3753), (0.8155, 0.1951, -0.5449), (0.6935, 0.1951, -0.6935), (0.5449, 0.1951, -0.8155), (0.3753, 0.1951, -0.9061), (0.1913, 0.1951, -0.9619), (0, 0.1951, -0.9808), (-0.1913, 0.1951, -0.9619), (-0.3753, 0.1951, -0.9061), (-0.5449, 0.1951, -0.8155), (-0.6935, 0.1951, -0.6935), (-0.8155, 0.1951, -0.5449), (-0.9061, 0.1951, -0.3753), (-0.9619, 0.1951, -0.1913), (-0.9808, 0.1951, -0), (-0.9619, 0.1951, 0.1913), (-0.9061, 0.1951, 0.3753), (-0.8155, 0.1951, 0.5449), (-0.6935, 0.1951, 0.6935), (-0.5449, 0.1951, 0.8155), (-0.3753, 0.1951, 0.9061), (-0.1913, 0.1951, 0.9619), (-0, 0.1951, 0.9808), (0.1913, 0.1951, 0.9619), (0.3753, 0.1951, 0.9061), (0.5449, 0.1951, 0.8155), (0.6935, 0.1951, 0.6935), (0.8155, 0.1951, 0.5449), (0.9061, 0.1951, 0.3753), (0.9619, 0.1951, 0.1913), (0.9808, 0.1951, 0), (0.9239, 0.3827, -0), (0.9061, 0.3827, -0.1802), (0.8536, 0.3827, -0.3536), (0.7682, 0.3827, -0.5133), (0.6533, 0.3827, -0.6533), (0.5133, 0.3827, -0.7682), (0.3536, 0.3827, -0.8536), (0.1802, 0.3827, -0.9061), (0, 0.3827, -0.9239), (-0.1802, 0.3827, -0.9061), (-0.3536, 0.3827, -0.8536), (-0.5133, 0.3827, -0.7682), (-0.6533, 0.3827, -0.6533), (-0.7682, 0.3827, -0.5133), (-0.8536, 0.3827, -0.3536), (-0.9061, 0.3827, -0.1802), (-0.9239, 0.3827, -0), (-0.9061, 0.3827, 0.1802), (-0.8536, 0.3827, 0.3536), (-0.7682, 0.3827, 0.5133), (-0.6533, 0.3827, 0.6533), (-0.5133, 0.3827, 0.7682), (-0.3536, 0.3827, 0.8536), (-0.1802, 0.3827, 0.9061), (-0, 0.3827, 0.9239), (0.1802, 0.3827, 0.9061), (0.3536, 0.3827, 0.8536), (0.5133, 0.3827, 0.7682), (0.6533, 0.3827, 0.6533), (0.7682, 0.3827, 0.5133), (0.8536, 0.3827, 0.3536), (0.9061, 0.3827, 0.1802), (0.9239, 0.3827, 0), (0.8315, 0.5556, -0), (0.8155, 0.5556, -0.1622), (0.7682, 0.5556, -0.3182), (0.6913, 0.5556, -0.4619), (0.5879, 0.5556, -0.5879), (0.4619, 0.5556, -0.6913), (0.3182, 0.5556, -0.7682), (0.1622, 0.5556, -0.8155), (0, 0.5556, -0.8315), (-0.1622, 0.5556, -0.8155), (-0.3182, 0.5556, -0.7682), (-0.4619, 0.5556, -0.6913), (-0.5879, 0.5556, -0.5879), (-0.6913, 0.5556, -0.4619), (-0.7682, 0.5556, -0.3182), (-0.8155, 0.5556, -0.1622), (-0.8315, 0.5556, -0), (-0.8155, 0.5556, 0.1622), (-0.7682, 0.5556, 0.3182), (-0.6913, 0.5556, 0.4619), (-0.5879, 0.5556, 0.5879), (-0.4619, 0.5556, 0.6913), (-0.3182, 0.5556, 0.7682), (-0.1622, 0.5556, 0.8155), (-0, 0.5556, 0.8315), (0.1622, 0.5556, 0.8155), (0.3182, 0.5556, 0.7682), (0.4619, 0.5556, 0.6913), (0.5879, 0.5556, 0.5879), (0.6913, 0.5556, 0.4619), (0.7682, 0.5556, 0.3182), (0.8155, 0.5556, 0.1622), (0.8315, 0.5556, 0), (0.7071, 0.7071, -0), (0.6935, 0.7071, -0.1379), (0.6533, 0.7071, -0.2706), (0.5879, 0.7071, -0.3928), (0.5, 0.7071, -0.5), (0.3928, 0.7071, -0.5879), (0.2706, 0.7071, -0.6533), (0.1379, 0.7071, -0.6935), (0, 0.7071, -0.7071), (-0.1379, 0.7071, -0.6935), (-0.2706, 0.7071, -0.6533), (-0.3928, 0.7071, -0.5879), (-0.5, 0.7071, -0.5), (-0.5879, 0.7071, -0.3928), (-0.6533, 0.7071, -0.2706), (-0.6935, 0.7071, -0.1379), (-0.7071, 0.7071, -0), (-0.6935, 0.7071, 0.1379), (-0.6533, 0.7071, 0.2706), (-0.5879, 0.7071, 0.3928), (-0.5, 0.7071, 0.5), (-0.3928, 0.7071, 0.5879), (-0.2706, 0.7071, 0.6533), (-0.1379, 0.7071, 0.6935), (-0, 0.7071, 0.7071), (0.1379, 0.7071, 0.6935), (0.2706, 0.7071, 0.6533), (0.3928, 0.7071, 0.5879), (0.5, 0.7071, 0.5), (0.5879, 0.7071, 0.3928), (0.6533, 0.7071, 0.2706), (0.6935, 0.7071, 0.1379), (0.7071, 0.7071, 0), (0.5556, 0.8315, -0), (0.5449, 0.8315, -0.1084), (0.5133, 0.8315, -0.2126), (0.4619, 0.8315, -0.3087), (0.3928, 0.8315, -0.3928), (0.3087, 0.8315, -0.4619), (0.2126, 0.8315, -0.5133), (0.1084, 0.8315, -0.5449), (0, 0.8315, -0.5556), (-0.1084, 0.8315, -0.5449), (-0.2126, 0.8315, -0.5133), (-0.3087, 0.8315, -0.4619), (-0.3928, 0.8315, -0.3928), (-0.4619, 0.8315, -0.3087), (-0.5133, 0.8315, -0.2126), (-0.5449, 0.8315, -0.1084), (-0.5556, 0.8315, -0), (-0.5449, 0.8315, 0.1084), (-0.5133, 0.8315, 0.2126), (-0.4619, 0.8315, 0.3087), (-0.3928, 0.8315, 0.3928), (-0.3087, 0.8315, 0.4619), (-0.2126, 0.8315, 0.5133), (-0.1084, 0.8315, 0.5449), (-0, 0.8315, 0.5556), (0.1084, 0.8315, 0.5449), (0.2126, 0.8315, 0.5133), (0.3087, 0.8315, 0.4619), (0.3928, 0.8315, 0.3928), (0.4619, 0.8315, 0.3087), (0.5133, 0.8315, 0.2126), (0.5449, 0.8315, 0.1084), (0.5556, 0.8315, 0), (0.3827, 0.9239, -0), (0.3753, 0.9239, -0.0747), (0.3536, 0.9239, -0.1464), (0.3182, 0.9239, -0.2126), (0.2706, 0.9239, -0.2706), (0.2126, 0.9239, -0.3182), (0.1464, 0.9239, -0.3536), (0.0747, 0.9239, -0.3753), (0, 0.9239, -0.3827), (-0.0747, 0.9239, -0.3753), (-0.1464, 0.9239, -0.3536), (-0.2126, 0.9239, -0.3182), (-0.2706, 0.9239, -0.2706), (-0.3182, 0.9239, -0.2126), (-0.3536, 0.9239, -0.1464), (-0.3753, 0.9239, -0.0747), (-0.3827, 0.9239, -0), (-0.3753, 0.9239, 0.0747), (-0.3536, 0.9239, 0.1464), (-0.3182, 0.9239, 0.2126), (-0.2706, 0.9239, 0.2706), (-0.2126, 0.9239, 0.3182), (-0.1464, 0.9239, 0.3536), (-0.0747, 0.9239, 0.3753), (-0, 0.9239, 0.3827), (0.0747, 0.9239, 0.3753), (0.1464, 0.9239, 0.3536), (0.2126, 0.9239, 0.3182), (0.2706, 0.9239, 0.2706), (0.3182, 0.9239, 0.2126), (0.3536, 0.9239, 0.1464), (0.3753, 0.9239, 0.0747), (0.3827, 0.9239, 0), (0.1951, 0.9808, -0), (0.1913, 0.9808, -0.0381), (0.1802, 0.9808, -0.0747), (0.1622, 0.9808, -0.1084), (0.1379, 0.9808, -0.1379), (0.1084, 0.9808, -0.1622), (0.0747, 0.9808, -0.1802), (0.0381, 0.9808, -0.1913), (0, 0.9808, -0.1951), (-0.0381, 0.9808, -0.1913), (-0.0747, 0.9808, -0.1802), (-0.1084, 0.9808, -0.1622), (-0.1379, 0.9808, -0.1379), (-0.1622, 0.9808, -0.1084), (-0.1802, 0.9808, -0.0747), (-0.1913, 0.9808, -0.0381), (-0.1951, 0.9808, -0), (-0.1913, 0.9808, 0.0381), (-0.1802, 0.9808, 0.0747), (-0.1622, 0.9808, 0.1084), (-0.1379, 0.9808, 0.1379), (-0.1084, 0.9808, 0.1622), (-0.0747, 0.9808, 0.1802), (-0.0381, 0.9808, 0.1913), (-0, 0.9808, 0.1951), (0.0381, 0.9808, 0.1913), (0.0747, 0.9808, 0.1802), (0.1084, 0.9808, 0.1622), (0.1379, 0.9808, 0.1379), (0.1622, 0.9808, 0.1084), (0.1802, 0.9808, 0.0747), (0.1913, 0.9808, 0.0381), (0.1951, 0.9808, 0), (0, 1, -0), (0, 1, -0), (0, 1, -0), (0, 1, -0), (0, 1, -0), (0, 1, -0), (0, 1, -0), (0, 1, -0), (0, 1, -0), (-0, 1, -0), (-0, 1, -0), (-0, 1, -0), (-0, 1, -0), (-0, 1, -0), (-0, 1, -0), (-0, 1, -0), (-0, 1, -0), (-0, 1, 0), (-0, 1, 0), (-0, 1, 0), (-0, 1, 0), (-0, 1, 0), (-0, 1, 0), (-0, 1, 0), (-0, 1, 0), (0, 1, 0), (0, 1, 0), (0, 1, 0), (0, 1, 0), (0, 1, 0), (0, 1, 0), (0, 1, 0), (0, 1, 0)] (
            interpolation = "vertex"
        )
        point3f[] points = [(0.55, 0, 0.45), (0.55, 0, 0.45), (0.55, 0, 0.45), (0.55, 0, 0.45), (0.55, 0, 0.45), (0.55, 0, 0.45), (0.55, 0, 0.45), (0.55, 0, 0.45), (0.55, 0, 0.45), (0.55, 0, 0.45), (0.55, 0, 0.45), (0.55, 0, 0.45), (0.55, 0, 0.45), (0.55, 0, 0.45), (0.55, 0, 0.45), (0.55, 0, 0.45), (0.55, 0, 0.45), (0.55, 0, 0.45), (0.55, 0, 0.45), (0.55, 0, 0.45), (0.55, 0, 0.45), (0.55, 0, 0.45), (0.55, 0, 0.45), (0.55, 0, 0.45), (0.55, 0, 0.45), (0.55, 0, 0.45), (0.55, 0, 0.45), (0.55, 0, 0.45), (0.55, 0, 0.45), (0.55, 0, 0.45), (0.55, 0, 0.45), (0.55, 0, 0.45), (0.55, 0, 0.45), (0.6046, 0.0054, 0.45), (0.6036, 0.0054, 0.4393), (0.6005, 0.0054, 0.4291), (0.5954, 0.0054, 0.4197), (0.5886, 0.0054, 0.4114), (0.5803, 0.0054, 0.4046), (0.5709, 0.0054, 0.3995), (0.5607, 0.0054, 0.3964), (0.55, 0.0054, 0.3954), (0.5393, 0.0054, 0.3964), (0.5291, 0.0054, 0.3995), (0.5197, 0.0054, 0.4046), (0.5114, 0.0054, 0.4114), (0.5046, 0.0054, 0.4197), (0.4995, 0.0054, 0.4291), (0.4964, 0.0054, 0.4393), (0.4954, 0.0054, 0.45), (0.4964, 0.0054, 0.4607), (0.4995, 0.0054, 0.4709), (0.5046, 0.0054, 0.4803), (0.5114, 0.0054, 0.4886), (0.5197, 0.0054, 0.4954), (0.5291, 0.0054, 0.5005), (0.5393, 0.0054, 0.5036), (0.55, 0.0054, 0.5046), (0.5607, 0.0054, 0.5036), (0.5709, 0.0054, 0.5005), (0.5803, 0.0054, 0.4954), (0.5886, 0.0054, 0.4886), (0.5954, 0.0054, 0.4803), (0.6005, 0.0054, 0.4709), (0.6036, 0.0054, 0.4607), (0.6046, 0.0054, 0.45), (0.6572, 0.0213, 0.45), (0.6551, 0.0213, 0.4291), (0.649, 0.0213, 0.409), (0.6391, 0.0213, 0.3905), (0.6258, 0.0213, 0.3742), (0.6095, 0.0213, 0.3609), (0.591, 0.0213, 0.351), (0.5709, 0.0213, 0.3449), (0.55, 0.0213, 0.3428), (0.5291, 0.0213, 0.3449), (0.509, 0.0213, 0.351), (0.4905, 0.0213, 0.3609), (0.4742, 0.0213, 0.3742), (0.4609, 0.0213, 0.3905), (0.451, 0.0213, 0.409), (0.4449, 0.0213, 0.4291), (0.4428, 0.0213, 0.45), (0.4449, 0.0213, 0.4709), (0.451, 0.0213, 0.491), (0.4609, 0.0213, 0.5095), (0.4742, 0.0213, 0.5258), (0.4905, 0.0213, 0.5391), (0.509, 0.0213, 0.549), (0.5291, 0.0213, 0.5551), (0.55, 0.0213, 0.5572), (0.5709, 0.0213, 0.5551), (0.591, 0.0213, 0.549), (0.6095, 0.0213, 0.5391), (0.6258, 0.0213, 0.5258), (0.6391, 0.0213, 0.5095), (0.649, 0.0213, 0.491), (0.6551, 0.0213, 0.4709), (0.6572, 0.0213, 0.45), (0.7056, 0.0472, 0.45), (0.7026, 0.0472, 0.4197), (0.6937, 0.0472, 0.3905), (0.6793, 0.0472, 0.3636), (0.66, 0.0472, 0.34), (0.6364, 0.0472, 0.3207), (0.6095, 0.0472, 0.3063), (0.5803, 0.0472, 0.2974), (0.55, 0.0472, 0.2944), (0.5197, 0.0472, 0.2974), (0.4905, 0.0472, 0.3063), (0.4636, 0.0472, 0.3207), (0.44, 0.0472, 0.34), (0.4207, 0.0472, 0.3636), (0.4063, 0.0472, 0.3905), (0.3974, 0.0472, 0.4197), (0.3944, 0.0472, 0.45), (0.3974, 0.0472, 0.4803), (0.4063, 0.0472, 0.5095), (0.4207, 0.0472, 0.5364), (0.44, 0.0472, 0.56), (0.4636, 0.0472, 0.5793), (0.4905, 0.0472, 0.5937), (0.5197, 0.0472, 0.6026), (0.55, 0.0472, 0.6056), (0.5803, 0.0472, 0.6026), (0.6095, 0.0472, 0.5937), (0.6364, 0.0472, 0.5793), (0.66, 0.0472, 0.56), (0.6793, 0.0472, 0.5364), (0.6937, 0.0472, 0.5095), (0.7026, 0.0472, 0.4803), (0.7056, 0.0472, 0.45), (0.748, 0.082, 0.45), (0.7442, 0.082, 0.4114), (0.7329, 0.082, 0.3742), (0.7146, 0.082, 0.34), (0.69, 0.082, 0.31), (0.66, 0.082, 0.2854), (0.6258, 0.082, 0.2671), (0.5886, 0.082, 0.2558), (0.55, 0.082, 0.252), (0.5114, 0.082, 0.2558), (0.4742, 0.082, 0.2671), (0.44, 0.082, 0.2854), (0.41, 0.082, 0.31), (0.3854, 0.082, 0.34), (0.3671, 0.082, 0.3742), (0.3558, 0.082, 0.4114), (0.352, 0.082, 0.45), (0.3558, 0.082, 0.4886), (0.3671, 0.082, 0.5258), (0.3854, 0.082, 0.56), (0.41, 0.082, 0.59), (0.44, 0.082, 0.6146), (0.4742, 0.082, 0.6329), (0.5114, 0.082, 0.6442), (0.55, 0.082, 0.648), (0.5886, 0.082, 0.6442), (0.6258, 0.082, 0.6329), (0.66, 0.082, 0.6146), (0.69, 0.082, 0.59), (0.7146, 0.082, 0.56), (0.7329, 0.082, 0.5258), (0.7442, 0.082, 0.4886), (0.748, 0.082, 0.45), (0.7828, 0.1244, 0.45), (0.7783, 0.1244, 0.4046), (0.7651, 0.1244, 0.3609), (0.7436, 0.1244, 0.3207), (0.7146, 0.1244, 0.2854), (0.6793, 0.1244, 0.2564), (0.6391, 0.1244, 0.2349), (0.5954, 0.1244, 0.2217), (0.55, 0.1244, 0.2172), (0.5046, 0.1244, 0.2217), (0.4609, 0.1244, 0.2349), (0.4207, 0.1244, 0.2564), (0.3854, 0.1244, 0.2854), (0.3564, 0.1244, 0.3207), (0.3349, 0.1244, 0.3609), (0.3217, 0.1244, 0.4046), (0.3172, 0.1244, 0.45), (0.3217, 0.1244, 0.4954), (0.3349, 0.1244, 0.5391), (0.3564, 0.1244, 0.5793), (0.3854, 0.1244, 0.6146), (0.4207, 0.1244, 0.6436), (0.4609, 0.1244, 0.6651), (0.5046, 0.1244, 0.6783), (0.55, 0.1244, 0.6828), (0.5954, 0.1244, 0.6783), (0.6391, 0.1244, 0.6651), (0.6793, 0.1244, 0.6436), (0.7146, 0.1244, 0.6146), (0.7436, 0.1244, 0.5793), (0.7651, 0.1244, 0.5391), (0.7783, 0.1244, 0.4954), (0.7828, 0.1244, 0.45), (0.8087, 0.1728, 0.45), (0.8037, 0.1728, 0.3995), (0.789, 0.1728, 0.351), (0.7651, 0.1728, 0.3063), (0.7329, 0.1728, 0.2671), (0.6937, 0.1728, 0.2349), (0.649, 0.1728, 0.211), (0.6005, 0.1728, 0.1963), (0.55, 0.1728, 0.1913), (0.4995, 0.1728, 0.1963), (0.451, 0.1728, 0.211), (0.4063, 0.1728, 0.2349), (0.3671, 0.1728, 0.2671), (0.3349, 0.1728, 0.3063), (0.311, 0.1728, 0.351), (0.2963, 0.1728, 0.3995), (0.2913, 0.1728, 0.45), (0.2963, 0.1728, 0.5005), (0.311, 0.1728, 0.549), (0.3349, 0.1728, 0.5937), (0.3671, 0.1728, 0.6329), (0.4063, 0.1728, 0.6651), (0.451, 0.1728, 0.689), (0.4995, 0.1728, 0.7037), (0.55, 0.1728, 0.7087), (0.6005, 0.1728, 0.7037), (0.649, 0.1728, 0.689), (0.6937, 0.1728, 0.6651), (0.7329, 0.1728, 0.6329), (0.7651, 0.1728, 0.5937), (0.789, 0.1728, 0.549), (0.8037, 0.1728, 0.5005), (0.8087, 0.1728, 0.45), (0.8246, 0.2254, 0.45), (0.8193, 0.2254, 0.3964), (0.8037, 0.2254, 0.3449), (0.7783, 0.2254, 0.2974), (0.7442, 0.2254, 0.2558), (0.7026, 0.2254, 0.2217), (0.6551, 0.2254, 0.1963), (0.6036, 0.2254, 0.1807), (0.55, 0.2254, 0.1754), (0.4964, 0.2254, 0.1807), (0.4449, 0.2254, 0.1963), (0.3974, 0.2254, 0.2217), (0.3558, 0.2254, 0.2558), (0.3217, 0.2254, 0.2974), (0.2963, 0.2254, 0.3449), (0.2807, 0.2254, 0.3964), (0.2754, 0.2254, 0.45), (0.2807, 0.2254, 0.5036), (0.2963, 0.2254, 0.5551), (0.3217, 0.2254, 0.6026), (0.3558, 0.2254, 0.6442), (0.3974, 0.2254, 0.6783), (0.4449, 0.2254, 0.7037), (0.4964, 0.2254, 0.7193), (0.55, 0.2254, 0.7246), (0.6036, 0.2254, 0.7193), (0.6551, 0.2254, 0.7037), (0.7026, 0.2254, 0.6783), (0.7442, 0.2254, 0.6442), (0.7783, 0.2254, 0.6026), (0.8037, 0.2254, 0.5551), (0.8193, 0.2254, 0.5036), (0.8246, 0.2254, 0.45), (0.83, 0.28, 0.45), (0.8246, 0.28, 0.3954), (0.8087, 0.28, 0.3428), (0.7828, 0.28, 0.2944), (0.748, 0.28, 0.252), (0.7056, 0.28, 0.2172), (0.6572, 0.28, 0.1913), (0.6046, 0.28, 0.1754), (0.55, 0.28, 0.17), (0.4954, 0.28, 0.1754), (0.4428, 0.28, 0.1913), (0.3944, 0.28, 0.2172), (0.352, 0.28, 0.252), (0.3172, 0.28, 0.2944), (0.2913, 0.28, 0.3428), (0.2754, 0.28, 0.3954), (0.27, 0.28, 0.45), (0.2754, 0.28, 0.5046), (0.2913, 0.28, 0.5572), (0.3172, 0.28, 0.6056), (0.352, 0.28, 0.648), (0.3944, 0.28, 0.6828), (0.4428, 0.28, 0.7087), (0.4954, 0.28, 0.7246), (0.55, 0.28, 0.73), (0.6046, 0.28, 0.7246), (0.6572, 0.28, 0.7087), (0.7056, 0.28, 0.6828), (0.748, 0.28, 0.648), (0.7828, 0.28, 0.6056), (0.8087, 0.28, 0.5572), (0.8246, 0.28, 0.5046), (0.83, 0.28, 0.45), (0.8246, 0.3346, 0.45), (0.8193, 0.3346, 0.3964), (0.8037, 0.3346, 0.3449), (0.7783, 0.3346, 0.2974), (0.7442, 0.3346, 0.2558), (0.7026, 0.3346, 0.2217), (0.6551, 0.3346, 0.1963), (0.6036, 0.3346, 0.1807), (0.55, 0.3346, 0.1754), (0.4964, 0.3346, 0.1807), (0.4449, 0.3346, 0.1963), (0.3974, 0.3346, 0.2217), (0.3558, 0.3346, 0.2558), (0.3217, 0.3346, 0.2974), (0.2963, 0.3346, 0.3449), (0.2807, 0.3346, 0.3964), (0.2754, 0.3346, 0.45), (0.2807, 0.3346, 0.5036), (0.2963, 0.3346, 0.5551), (0.3217, 0.3346, 0.6026), (0.3558, 0.3346, 0.6442), (0.3974, 0.3346, 0.6783), (0.4449, 0.3346, 0.7037), (0.4964, 0.3346, 0.7193), (0.55, 0.3346, 0.7246), (0.6036, 0.3346, 0.7193), (0.6551, 0.3346, 0.7037), (0.7026, 0.3346, 0.6783), (0.7442, 0.3346, 0.6442), (0.7783, 0.3346, 0.6026), (0.8037, 0.3346, 0.5551), (0.8193, 0.3346, 0.5036), (0.8246, 0.3346, 0.45), (0.8087, 0.3872, 0.45), (0.8037, 0.3872, 0.3995), (0.789, 0.3872, 0.351), (0.7651, 0.3872, 0.3063), (0.7329, 0.3872, 0.2671), (0.6937, 0.3872, 0.2349), (0.649, 0.3872, 0.211), (0.6005, 0.3872, 0.1963), (0.55, 0.3872, 0.1913), (0.4995, 0.3872, 0.1963), (0.451, 0.3872, 0.211), (0.4063, 0.3872, 0.2349), (0.3671, 0.3872, 0.2671), (0.3349, 0.3872, 0.3063), (0.311, 0.3872, 0.351), (0.2963, 0.3872, 0.3995), (0.2913, 0.3872, 0.45), (0.2963, 0.3872, 0.5005), (0.311, 0.3872, 0.549), (0.3349, 0.3872, 0.5937), (0.3671, 0.3872, 0.6329), (0.4063, 0.3872, 0.6651), (0.451, 0.3872, 0.689), (0.4995, 0.3872, 0.7037), (0.55, 0.3872, 0.7087), (0.6005, 0.3872, 0.7037), (0.649, 0.3872, 0.689), (0.6937, 0.3872, 0.6651), (0.7329, 0.3872, 0.6329), (0.7651, 0.3872, 0.5937), (0.789, 0.3872, 0.549), (0.8037, 0.3872, 0.5005), (0.8087, 0.3872, 0.45), (0.7828, 0.4356, 0.45), (0.7783, 0.4356, 0.4046), (0.7651, 0.4356, 0.3609), (0.7436, 0.4356, 0.3207), (0.7146, 0.4356, 0.2854), (0.6793, 0.4356, 0.2564), (0.6391, 0.4356, 0.2349), (0.5954, 0.4356, 0.2217), (0.55, 0.4356, 0.2172), (0.5046, 0.4356, 0.2217), (0.4609, 0.4356, 0.2349), (0.4207, 0.4356, 0.2564), (0.3854, 0.4356, 0.2854), (0.3564, 0.4356, 0.3207), (0.3349, 0.4356, 0.3609), (0.3217, 0.4356, 0.4046), (0.3172, 0.4356, 0.45), (0.3217, 0.4356, 0.4954), (0.3349, 0.4356, 0.5391), (0.3564, 0.4356, 0.5793), (0.3854, 0.4356, 0.6146), (0.4207, 0.4356, 0.6436), (0.4609, 0.4356, 0.6651), (0.5046, 0.4356, 0.6783), (0.55, 0.4356, 0.6828), (0.5954, 0.4356, 0.6783), (0.6391, 0.4356, 0.6651), (0.6793, 0.4356, 0.6436), (0.7146, 0.4356, 0.6146), (0.7436, 0.4356, 0.5793), (0.7651, 0.4356, 0.5391), (0.7783, 0.4356, 0.4954), (0.7828, 0.4356, 0.45), (0.748, 0.478, 0.45), (0.7442, 0.478, 0.4114), (0.7329, 0.478, 0.3742), (0.7146, 0.478, 0.34), (0.69, 0.478, 0.31), (0.66, 0.478, 0.2854), (0.6258, 0.478, 0.2671), (0.5886, 0.478, 0.2558), (0.55, 0.478, 0.252), (0.5114, 0.478, 0.2558), (0.4742, 0.478, 0.2671), (0.44, 0.478, 0.2854), (0.41, 0.478, 0.31), (0.3854, 0.478, 0.34), (0.3671, 0.478, 0.3742), (0.3558, 0.478, 0.4114), (0.352, 0.478, 0.45), (0.3558, 0.478, 0.4886), (0.3671, 0.478, 0.5258), (0.3854, 0.478, 0.56), (0.41, 0.478, 0.59), (0.44, 0.478, 0.6146), (0.4742, 0.478, 0.6329), (0.5114, 0.478, 0.6442), (0.55, 0.478, 0.648), (0.5886, 0.478, 0.6442), (0.6258, 0.478, 0.6329), (0.66, 0.478, 0.6146), (0.69, 0.478, 0.59), (0.7146, 0.478, 0.56), (0.7329, 0.478, 0.5258), (0.7442, 0.478, 0.4886), (0.748, 0.478, 0.45), (0.7056, 0.5128, 0.45), (0.7026, 0.5128, 0.4197), (0.6937, 0.5128, 0.3905), (0.6793, 0.5128, 0.3636), (0.66, 0.5128, 0.34), (0.6364, 0.5128, 0.3207), (0.6095, 0.5128, 0.3063), (0.5803, 0.5128, 0.2974), (0.55, 0.5128, 0.2944), (0.5197, 0.5128, 0.2974), (0.4905, 0.5128, 0.3063), (0.4636, 0.5128, 0.3207), (0.44, 0.5128, 0.34), (0.4207, 0.5128, 0.3636), (0.4063, 0.5128, 0.3905), (0.3974, 0.5128, 0.4197), (0.3944, 0.5128, 0.45), (0.3974, 0.5128, 0.4803), (0.4063, 0.5128, 0.5095), (0.4207, 0.5128, 0.5364), (0.44, 0.5128, 0.56), (0.4636, 0.5128, 0.5793), (0.4905, 0.5128, 0.5937), (0.5197, 0.5128, 0.6026), (0.55, 0.5128, 0.6056), (0.5803, 0.5128, 0.6026), (0.6095, 0.5128, 0.5937), (0.6364, 0.5128, 0.5793), (0.66, 0.5128, 0.56), (0.6793, 0.5128, 0.5364), (0.6937, 0.5128, 0.5095), (0.7026, 0.5128, 0.4803), (0.7056, 0.5128, 0.45), (0.6572, 0.5387, 0.45), (0.6551, 0.5387, 0.4291), (0.649, 0.5387, 0.409), (0.6391, 0.5387, 0.3905), (0.6258, 0.5387, 0.3742), (0.6095, 0.5387, 0.3609), (0.591, 0.5387, 0.351), (0.5709, 0.5387, 0.3449), (0.55, 0.5387, 0.3428), (0.5291, 0.5387, 0.3449), (0.509, 0.5387, 0.351), (0.4905, 0.5387, 0.3609), (0.4742, 0.5387, 0.3742), (0.4609, 0.5387, 0.3905), (0.451, 0.5387, 0.409), (0.4449, 0.5387, 0.4291), (0.4428, 0.5387, 0.45), (0.4449, 0.5387, 0.4709), (0.451, 0.5387, 0.491), (0.4609, 0.5387, 0.5095), (0.4742, 0.5387, 0.5258), (0.4905, 0.5387, 0.5391), (0.509, 0.5387, 0.549), (0.5291, 0.5387, 0.5551), (0.55, 0.5387, 0.5572), (0.5709, 0.5387, 0.5551), (0.591, 0.5387, 0.549), (0.6095, 0.5387, 0.5391), (0.6258, 0.5387, 0.5258), (0.6391, 0.5387, 0.5095), (0.649, 0.5387, 0.491), (0.6551, 0.5387, 0.4709), (0.6572, 0.5387, 0.45), (0.6046, 0.5546, 0.45), (0.6036, 0.5546, 0.4393), (0.6005, 0.5546, 0.4291), (0.5954, 0.5546, 0.4197), (0.5886, 0.5546, 0.4114), (0.5803, 0.5546, 0.4046), (0.5709, 0.5546, 0.3995), (0.5607, 0.5546, 0.3964), (0.55, 0.5546, 0.3954), (0.5393, 0.5546, 0.3964), (0.5291, 0.5546, 0.3995), (0.5197, 0.5546, 0.4046), (0.5114, 0.5546, 0.4114), (0.5046, 0.5546, 0.4197), (0.4995, 0.5546, 0.4291), (0.4964, 0.5546, 0.4393), (0.4954, 0.5546, 0.45), (0.4964, 0.5546, 0.4607), (0.4995, 0.5546, 0.4709), (0.5046, 0.5546, 0.4803), (0.5114, 0.5546, 0.4886), (0.5197, 0.5546, 0.4954), (0.5291, 0.5546, 0.5005), (0.5393, 0.5546, 0.5036), (0.55, 0.5546, 0.5046), (0.5607, 0.5546, 0.5036), (0.5709, 0.5546, 0.5005), (0.5803, 0.5546, 0.4954), (0.5886, 0.5546, 0.4886), (0.5954, 0.5546, 0.4803), (0.6005, 0.5546, 0.4709), (0.6036, 0.5546, 0.4607), (0.6046, 0.5546, 0.45), (0.55, 0.56, 0.45), (0.55, 0.56, 0.45), (0.55, 0.56, 0.45), (0.55, 0.56, 0.45), (0.55, 0.56, 0.45), (0.55, 0.56, 0.45), (0.55, 0.56, 0.45), (0.55, 0.56, 0.45), (0.55, 0.56, 0.45), (0.55, 0.56, 0.45), (0.55, 0.56, 0.45), (0.55, 0.56, 0.45), (0.55, 0.56, 0.45), (0.55, 0.56, 0.45), (0.55, 0.56, 0.45), (0.55, 0.56, 0.45), (0.55, 0.56, 0.45), (0.55, 0.56, 0.45), (0.55, 0.56, 0.45), (0.55, 0.56, 0.45), (0.55, 0.56, 0.45), (0.55, 0.56, 0.45), (0.55, 0.56, 0.45), (0.55, 0.56, 0.45), (0.55, 0.56, 0.45), (0.55, 0.56, 0.45), (0.55, 0.56, 0.45), (0.55, 0.56, 0.45), (0.55, 0.56, 0.45), (0.55, 0.56, 0.45), (0.55, 0.56, 0.45), (0.55, 0.56, 0.45), (0.55, 0.56, 0.45)]
        texCoord2f[] primvars:st = [(0, 0), (0.0312, 0), (0.0625, 0), (0.0938, 0), (0.125, 0), (0.1562, 0), (0.1875, 0), (0.2188, 0), (0.25, 0), (0.2812, 0), (0.3125, 0), (0.3438, 0), (0.375, 0), (0.4062, 0), (0.4375, 0), (0.4688, 0), (0.5, 0), (0.5312, 0), (0.5625, 0), (0.5938, 0), (0.625, 0), (0.6562, 0), (0.6875, 0), (0.7188, 0), (0.75, 0), (0.7812, 0), (0.8125, 0), (0.8438, 0), (0.875, 0), (0.9062, 0), (0.9375, 0), (0.9688, 0), (1, 0), (0, 0.0625), (0.0312, 0.0625), (0.0625, 0.0625), (0.0938, 0.0625), (0.125, 0.0625), (0.1562, 0.0625), (0.1875, 0.0625), (0.2188, 0.0625), (0.25, 0.0625), (0.2812, 0.0625), (0.3125, 0.0625), (0.3438, 0.0625), (0.375, 0.0625), (0.4062, 0.0625), (0.4375, 0.0625), (0.4688, 0.0625), (0.5, 0.0625), (0.5312, 0.0625), (0.5625, 0.0625), (0.5938, 0.0625), (0.625, 0.0625), (0.6562, 0.0625), (0.6875, 0.0625), (0.7188, 0.0625), (0.75, 0.0625), (0.7812, 0.0625), (0.8125, 0.0625), (0.8438, 0.0625), (0.875, 0.0625), (0.9062, 0.0625), (0.9375, 0.0625), (0.9688, 0.0625), (1, 0.0625), (0, 0.125), (0.0312, 0.125), (0.0625, 0.125), (0.0938, 0.125), (0.125, 0.125), (0.1562, 0.125), (0.1875, 0.125), (0.2188, 0.125), (0.25, 0.125), (0.2812, 0.125), (0.3125, 0.125), (0.3438, 0.125), (0.375, 0.125), (0.4062, 0.125), (0.4375, 0.125), (0.4688, 0.125), (0.5, 0.125), (0.5312, 0.125), (0.5625, 0.125), (0.5938, 0.125), (0.625, 0.125), (0.6562, 0.125), (0.6875, 0.125), (0.7188, 0.125), (0.75, 0.125), (0.7812, 0.125), (0.8125, 0.125), (0.8438, 0.125), (0.875, 0.125), (0.9062, 0.125), (0.9375, 0.125), (0.9688, 0.125), (1, 0.125), (0, 0.1875), (0.0312, 0.1875), (0.0625, 0.1875), (0.0938, 0.1875), (0.125, 0.1875), (0.1562, 0.1875), (0.1875, 0.1875), (0.2188, 0.1875), (0.25, 0.1875), (0.2812, 0.1875), (0.3125, 0.1875), (0.3438, 0.1875), (0.375, 0.1875), (0.4062, 0.1875), (0.4375, 0.1875), (0.4688, 0.1875), (0.5, 0.1875), (0.5312, 0.1875), (0.5625, 0.1875), (0.5938, 0.1875), (0.625, 0.1875), (0.6562, 0.1875), (0.6875, 0.1875), (0.7188, 0.1875), (0.75, 0.1875), (0.7812, 0.1875), (0.8125, 0.1875), (0.8438, 0.1875), (0.875, 0.1875), (0.9062, 0.1875), (0.9375, 0.1875), (0.9688, 0.1875), (1, 0.1875), (0, 0.25), (0.0312, 0.25), (0.0625, 0.25), (0.0938, 0.25), (0.125, 0.25), (0.1562, 0.25), (0.1875, 0.25), (0.2188, 0.25), (0.25, 0.25), (0.2812, 0.25), (0.3125, 0.25), (0.3438, 0.25), (0.375, 0.25), (0.4062, 0.25), (0.4375, 0.25), (0.4688, 0.25), (0.5, 0.25), (0.5312, 0.25), (0.5625, 0.25), (0.5938, 0.25), (0.625, 0.25), (0.6562, 0.25), (0.6875, 0.25), (0.7188, 0.25), (0.75, 0.25), (0.7812, 0.25), (0.8125, 0.25), (0.8438, 0.25), (0.875, 0.25), (0.9062, 0.25), (0.9375, 0.25), (0.9688, 0.25), (1, 0.25), (0, 0.3125), (0.0312, 0.3125), (0.0625, 0.3125), (0.0938, 0.3125), (0.125, 0.3125), (0.1562, 0.3125), (0.1875, 0.3125), (0.2188, 0.3125), (0.25, 0.3125), (0.2812, 0.3125), (0.3125, 0.3125), (0.3438, 0.3125), (0.375, 0.3125), (0.4062, 0.3125), (0.4375, 0.3125), (0.4688, 0.3125), (0.5, 0.3125), (0.5312, 0.3125), (0.5625, 0.3125), (0.5938, 0.3125), (0.625, 0.3125), (0.6562, 0.3125), (0.6875, 0.3125), (0.7188, 0.3125), (0.75, 0.3125), (0.7812, 0.3125), (0.8125, 0.3125), (0.8438, 0.3125), (0.875, 0.3125), (0.9062, 0.3125), (0.9375, 0.3125), (0.9688, 0.3125), (1, 0.3125), (0, 0.375), (0.0312, 0.375), (0.0625, 0.375), (0.0938, 0.375), (0.125, 0.375), (0.1562, 0.375), (0.1875, 0.375), (0.2188, 0.375), (0.25, 0.375), (0.2812, 0.375), (0.3125, 0.375), (0.3438, 0.375), (0.375, 0.375), (0.4062, 0.375), (0.4375, 0.375), (0.4688, 0.375), (0.5, 0.375), (0.5312, 0.375), (0.5625, 0.375), (0.5938, 0.375), (0.625, 0.375), (0.6562, 0.375), (0.6875, 0.375), (0.7188, 0.375), (0.75, 0.375), (0.7812, 0.375), (0.8125, 0.375), (0.8438, 0.375), (0.875, 0.375), (0.9062, 0.375), (0.9375, 0.375), (0.9688, 0.375), (1, 0.375), (0, 0.4375), (0.0312, 0.4375), (0.0625, 0.4375), (0.0938, 0.4375), (0.125, 0.4375), (0.1562, 0.4375), (0.1875, 0.4375), (0.2188, 0.4375), (0.25, 0.4375), (0.2812, 0.4375), (0.3125, 0.4375), (0.3438, 0.4375), (0.375, 0.4375), (0.4062, 0.4375), (0.4375, 0.4375), (0.4688, 0.4375), (0.5, 0.4375), (0.5312, 0.4375), (0.5625, 0.4375), (0.5938, 0.4375), (0.625, 0.4375), (0.6562, 0.4375), (0.6875, 0.4375), (0.7188, 0.4375), (0.75, 0.4375), (0.7812, 0.4375), (0.8125, 0.4375), (0.8438, 0.4375), (0.875, 0.4375), (0.9062, 0.4375), (0.9375, 0.4375), (0.9688, 0.4375), (1, 0.4375), (0, 0.5), (0.0312, 0.5), (0.0625, 0.5), (0.0938, 0.5), (0.125, 0.5), (0.1562, 0.5), (0.1875, 0.5), (0.2188, 0.5), (0.25, 0.5), (0.2812, 0.5), (0.3125, 0.5), (0.3438, 0.5), (0.375, 0.5), (0.4062, 0.5), (0.4375, 0.5), (0.4688, 0.5), (0.5, 0.5), (0.5312, 0.5), (0.5625, 0.5), (0.5938, 0.5), (0.625, 0.5), (0.6562, 0.5), (0.6875, 0.5), (0.7188, 0.5), (0.75, 0.5), (0.7812, 0.5), (0.8125, 0.5), (0.8438, 0.5), (0.875, 0.5), (0.9062, 0.5), (0.9375, 0.5), (0.9688, 0.5), (1, 0.5), (0, 0.5625), (0.0312, 0.5625), (0.0625, 0.5625), (0.0938, 0.5625), (0.125, 0.5625), (0.1562, 0.5625), (0.1875, 0.5625), (0.2188, 0.5625), (0.25, 0.5625), (0.2812, 0.5625), (0.3125, 0.5625), (0.3438, 0.5625), (0.375, 0.5625), (0.4062, 0.5625), (0.4375, 0.5625), (0.4688, 0.5625), (0.5, 0.5625), (0.5312, 0.5625), (0.5625, 0.5625), (0.5938, 0.5625), (0.625, 0.5625), (0.6562, 0.5625), (0.6875, 0.5625), (0.7188, 0.5625), (0.75, 0.5625), (0.7812, 0.5625), (0.8125, 0.5625), (0.8438, 0.5625), (0.875, 0.5625), (0.9062, 0.5625), (0.9375, 0.5625), (0.9688, 0.5625), (1, 0.5625), (0, 0.625), (0.0312, 0.625), (0.0625, 0.625), (0.0938, 0.625), (0.125, 0.625), (0.1562, 0.625), (0.1875, 0.625), (0.2188, 0.625), (0.25, 0.625), (0.2812, 0.625), (0.3125, 0.625), (0.3438, 0.625), (0.375, 0.625), (0.4062, 0.625), (0.4375, 0.625), (0.4688, 0.625), (0.5, 0.625), (0.5312, 0.625), (0.5625, 0.625), (0.5938, 0.625), (0.625, 0.625), (0.6562, 0.625), (0.6875, 0.625), (0.7188, 0.625), (0.75, 0.625), (0.7812, 0.625), (0.8125, 0.625), (0.8438, 0.625), (0.875, 0.625), (0.9062, 0.625), (0.9375, 0.625), (0.9688, 0.625), (1, 0.625), (0, 0.6875), (0.0312, 0.6875), (0.0625, 0.6875), (0.0938, 0.6875), (0.125, 0.6875), (0.1562, 0.6875), (0.1875, 0.6875), (0.2188, 0.6875), (0.25, 0.6875), (0.2812, 0.6875), (0.3125, 0.6875), (0.3438, 0.6875), (0.375, 0.6875), (0.4062, 0.6875), (0.4375, 0.6875), (0.4688, 0.6875), (0.5, 0.6875), (0.5312, 0.6875), (0.5625, 0.6875), (0.5938, 0.6875), (0.625, 0.6875), (0.6562, 0.6875), (0.6875, 0.6875), (0.7188, 0.6875), (0.75, 0.6875), (0.7812, 0.6875), (0.8125, 0.6875), (0.8438, 0.6875), (0.875, 0.6875), (0.9062, 0.6875), (0.9375, 0.6875), (0.9688, 0.6875), (1, 0.6875), (0, 0.75), (0.0312, 0.75), (0.0625, 0.75), (0.0938, 0.75), (0.125, 0.75), (0.1562, 0.75), (0.1875, 0.75), (0.2188, 0.75), (0.25, 0.75), (0.2812, 0.75), (0.3125, 0.75), (0.3438, 0.75), (0.375, 0.75), (0.4062, 0.75), (0.4375, 0.75), (0.4688, 0.75), (0.5, 0.75), (0.5312, 0.75), (0.5625, 0.75), (0.5938, 0.75), (0.625, 0.75), (0.6562, 0.75), (0.6875, 0.75), (0.7188, 0.75), (0.75, 0.75), (0.7812, 0.75), (0.8125, 0.75), (0.8438, 0.75), (0.875, 0.75), (0.9062, 0.75), (0.9375, 0.75), (0.9688, 0.75), (1, 0.75), (0, 0.8125), (0.0312, 0.8125), (0.0625, 0.8125), (0.0938, 0.8125), (0.125, 0.8125), (0.1562, 0.8125), (0.1875, 0.8125), (0.2188, 0.8125), (0.25, 0.8125), (0.2812, 0.8125), (0.3125, 0.8125), (0.3438, 0.8125), (0.375, 0.8125), (0.4062, 0.8125), (0.4375, 0.8125), (0.4688, 0.8125), (0.5, 0.8125), (0.5312, 0.8125), (0.5625, 0.8125), (0.5938, 0.8125), (0.625, 0.8125), (0.6562, 0.8125), (0.6875, 0.8125), (0.7188, 0.8125), (0.75, 0.8125), (0.7812, 0.8125), (0.8125, 0.8125), (0.8438, 0.8125), (0.875, 0.8125), (0.9062, 0.8125), (0.9375, 0.8125), (0.9688, 0.8125), (1, 0.8125), (0, 0.875), (0.0312, 0.875), (0.0625, 0.875), (0.0938, 0.875), (0.125, 0.875), (0.1562, 0.875), (0.1875, 0.875), (0.2188, 0.875), (0.25, 0.875), (0.2812, 0.875), (0.3125, 0.875), (0.3438, 0.875), (0.375, 0.875), (0.4062, 0.875), (0.4375, 0.875), (0.4688, 0.875), (0.5, 0.875), (0.5312, 0.875), (0.5625, 0.875), (0.5938, 0.875), (0.625, 0.875), (0.6562, 0.875), (0.6875, 0.875), (0.7188, 0.875), (0.75, 0.875), (0.7812, 0.875), (0.8125, 0.875), (0.8438, 0.875), (0.875, 0.875), (0.9062, 0.875), (0.9375, 0.875), (0.9688, 0.875), (1, 0.875), (0, 0.9375), (0.0312, 0.9375), (0.0625, 0.9375), (0.0938, 0.9375), (0.125, 0.9375), (0.1562, 0.9375), (0.1875, 0.9375), (0.2188, 0.9375), (0.25, 0.9375), (0.2812, 0.9375), (0.3125, 0.9375), (0.3438, 0.9375), (0.375, 0.9375), (0.4062, 0.9375), (0.4375, 0.9375), (0.4688, 0.9375), (0.5, 0.9375), (0.5312, 0.9375), (0.5625, 0.9375), (0.5938, 0.9375), (0.625, 0.9375), (0.6562, 0.9375), (0.6875, 0.9375), (0.7188, 0.9375), (0.75, 0.9375), (0.7812, 0.9375), (0.8125, 0.9375), (0.8438, 0.9375), (0.875, 0.9375), (0.9062, 0.9375), (0.9375, 0.9375), (0.9688, 0.9375), (1, 0.9375), (0, 1), (0.0312, 1), (0.0625, 1), (0.0938, 1), (0.125, 1), (0.1562, 1), (0.1875, 1), (0.2188, 1), (0.25, 1), (0.2812, 1), (0.3125, 1), (0.3438, 1), (0.375, 1), (0.4062, 1), (0.4375, 1), (0.4688, 1), (0.5, 1), (0.5312, 1), (0.5625, 1), (0.5938, 1), (0.625, 1), (0.6562, 1), (0.6875, 1), (0.7188, 1), (0.75, 1), (0.7812, 1), (0.8125, 1), (0.8438, 1), (0.875, 1), (0.9062, 1), (0.9375, 1), (0.9688, 1), (1, 1)] (
            interpolation = "vertex"
        )
        uniform token subdivisionScheme = "none"
    }

    def Mesh "block" (
        prepend apiSchemas = ["MaterialBindingAPI"]
    )
    {
        int[] faceVertexCounts = [4, 4, 4, 4, 4, 4]
        int[] faceVertexIndices = [0, 2, 3, 1, 4, 5, 7, 6, 0, 1, 5, 4, 2, 6, 7, 3, 0, 4, 6, 2, 1, 3, 7, 5]
        rel material:binding = </World/Looks/Glass>
        point3f[] points = [(-0.3, -0.3, -0.3), (0.3, -0.3, -0.3), (-0.3, 0.3, -0.3), (0.3, 0.3, -0.3), (-0.3, -0.3, 0.3), (0.3, -0.3, 0.3), (-0.3, 0.3, 0.3), (0.3, 0.3, 0.3)]
        texCoord2f[] primvars:st = [(0, 0), (1, 0), (1, 1), (0, 1), (0, 0), (1, 0), (1, 1), (0, 1), (0, 0), (1, 0), (1, 1), (0, 1), (0, 0), (1, 0), (1, 1), (0, 1), (0, 0), (1, 0), (1, 1), (0, 1), (0, 0), (1, 0), (1, 1), (0, 1)] (
            interpolation = "faceVarying"
        )
        uniform token subdivisionScheme = "none"
        float xformOp:rotateY = 35
        double3 xformOp:translate = (1.35, 0.3, -0.2)
        uniform token[] xformOpOrder = ["xformOp:translate", "xformOp:rotateY"]
    }

    def Mesh "floor" (
        prepend apiSchemas = ["MaterialBindingAPI"]
    )
    {
        int[] faceVertexCounts = [4, 4]
        int[] faceVertexIndices = [0, 3, 4, 1, 1, 4, 5, 2]
        point3f[] points = [(-2.2, 0.01, -1.4), (0, 0.01, -1.4), (2.2, 0.01, -1.4), (-2.2, 0.01, 1.4), (0, 0.01, 1.4), (2.2, 0.01, 1.4)]
        uniform token subdivisionScheme = "none"
        uniform token subsetFamily:materialBind:familyType = "nonOverlapping"

        def GeomSubset "left" (
            prepend apiSchemas = ["MaterialBindingAPI"]
        )
        {
            uniform token elementType = "face"
            uniform token familyName = "materialBind"
            int[] indices = [0]
            rel material:binding = </World/Looks/Plastic>
        }

        def GeomSubset "right" (
            prepend apiSchemas = ["MaterialBindingAPI"]
        )
        {
            uniform token elementType = "face"
            uniform token familyName = "materialBind"
            int[] indices = [1]
            rel material:binding = </World/Looks/paving>
        }
    }
}

